sourceKey,language,legacyId,counterpartLegacyId,listingUrl,officialUrl,officialStatus,officialFinalUrl,officialDateRaw,officialDateNormalized,officialDatePrecision,officialDocumentTitle,officialDescription,officialOgTitle,officialOgDescription,officialCanonical,officialHreflang,officialVisibleTitle,officialVisibleTitleTag,officialIntroHash,officialBodyHash,officialSourceOnly,officialPdfUrls,officialContentUrls,matchStatus,projectId,projectSlug,projectLegacyId,projectPublished,projectDate,dateComparison,titleComparison,excerptComparison,contentComparison,sourceComparison,categoryComparison,projectHtmlStatus,projectH1Count,projectH1Comparison,projectCanonical,projectSourceCtaMatches,projectSourceCtaSecure,projectVisibleRawUrlCount,findings
es:1764,es,1764,1763,https://www.vonwobeser.com/index.php/publicaciones/articulos?start=20,https://www.vonwobeser.com/index.php/publicacion?p_id=1764,200,https://www.vonwobeser.com/index.php/publicacion?p_id=1764,"Enero, 2023",2023-01,month,Von Wobeser y Sierra - Latin Lawyer’s M&A Guide: Indemnity Escrows and Other Payment Guarantees,"Von Wobeser y Sierra S.C. es una de las principales firmas de derecho mexicano que ofrece soluciones legales de servicio completo. Se compone de más de 30 diferentes áreas de práctica, incluyendo escritorios especializados con una lista fuerte de clientes internacionales y nacionales.",,,,,Latin Lawyer’s M&A Guide: Indemnity Escrows and Other Payment Guarantees,div,459004513b87130dc5987244b87fc61b96743579fdc5839c694d83a681d8828c,0dc29eda88d97b23011628f919e2e6d2cea07a62cbe02f6b5153e2dd276b6cbf,false,,https://www.vonwobeser.com/index.php/abogado?l=141 | https://www.vonwobeser.com/index.php/abogado?l=160 | https://www.vonwobeser.com/index.php/abogado?l=246 | https://vonwobeserysierra.us5.list-manage.com/track/click?u=b054d1d8087ee1d7ab2807780&id=76fb70a373&e=235d3ee136,legacy_id,c652d75f-b906-418e-920f-b0b288f6d150,latin-lawyer-s-m-a-guide-indemnity-escrows-and-other-payment-guarantees-2,1764,true,2023-01-01,match,different,different,different,not_applicable,match,correcto,1,match,https://www.vonwobeser.com/news/latin-lawyer-s-m-a-guide-indemnity-escrows-and-other-payment-guarantees-2,true,true,0,TITLE_DIFFERENT | CONTENT_DIFFERENT
es:1756,es,1756,1755,https://www.vonwobeser.com/index.php/publicaciones/articulos?start=20,https://www.vonwobeser.com/index.php/publicacion?p_id=1756,200,https://www.vonwobeser.com/index.php/publicacion?p_id=1756,"Octubre, 2022",2022-10,month,Von Wobeser y Sierra - Global Arbitration Review: Construction Arbitration Know-How Mexico Chapter,"Von Wobeser y Sierra S.C. es una de las principales firmas de derecho mexicano que ofrece soluciones legales de servicio completo. Se compone de más de 30 diferentes áreas de práctica, incluyendo escritorios especializados con una lista fuerte de clientes internacionales y nacionales.",,,,,Global Arbitration Review: Construction Arbitration Know-How Mexico Chapter,div,0bf90859f9d5c34a8f3a03113bd81c761b87413cc066cff0937c300613d90f33,016815836a54bfb888ae5f96f92ecf0aa7f4bf44e34690747bea9e3c488cea3f,false,,https://www.vonwobeser.com/index.php/abogado?l=175 | https://vonwobeserysierra.us5.list-manage.com/track/click?u=b054d1d8087ee1d7ab2807780&id=03c8f69696&e=235d3ee136,legacy_id,737ef17f-b7a2-472b-b27a-e884bb8493e0,global-arbitration-review-construction-arbitration-know-how-mexico-chapter-2,1756,true,2022-10-01,match,different,different,different,not_applicable,match,correcto,1,match,https://www.vonwobeser.com/news/global-arbitration-review-construction-arbitration-know-how-mexico-chapter-2,true,true,0,TITLE_DIFFERENT | CONTENT_DIFFERENT
es:1699,es,1699,1700,https://www.vonwobeser.com/index.php/publicaciones/articulos?start=20,https://www.vonwobeser.com/index.php/publicacion?p_id=1699,200,https://www.vonwobeser.com/index.php/publicacion?p_id=1699,"Febrero, 2022",2022-02,month,Von Wobeser y Sierra - ¿Tu negocio contribuye a cambiar el mundo? Considera una perspectiva ESG.,"Von Wobeser y Sierra S.C. es una de las principales firmas de derecho mexicano que ofrece soluciones legales de servicio completo. Se compone de más de 30 diferentes áreas de práctica, incluyendo escritorios especializados con una lista fuerte de clientes internacionales y nacionales.",,,,,¿Tu negocio contribuye a cambiar el mundo? Considera una perspectiva ESG.,div,9f59bfa5437d75449fdb47156f821d390c711b049ea9caf2f3beea0a686cfd8b,9ee52dde49b69956f5faebe190943dc420989e16cce593cf39cb91b55f213a97,false,https://www.vonwobeser.com/images/PDF_news/2022/Tu-negocio-contribuye-a-cambiar-el-mundo_-Considera-una-perspectiva-ESG.pdf,https://www.vonwobeser.com/index.php/abogado?l=323 | https://www.vonwobeser.com/index.php/practica?p=90 | https://expansion.mx/opinion/2022/01/03/negocio-contribuya-cambiar-el-mundo,legacy_id,13f214d4-71b3-4284-8e23-d7882ad83bd1,tu-negocio-contribuye-a-cambiar-el-mundo-considera-una-perspectiva-esg,1699,true,2022-02-01,match,match,match,different,match,match,correcto,1,match,https://www.vonwobeser.com/news/tu-negocio-contribuye-a-cambiar-el-mundo-considera-una-perspectiva-esg,true,true,0,CONTENT_DIFFERENT
es:1674,es,1674,,https://www.vonwobeser.com/index.php/publicaciones/articulos?start=20,https://www.vonwobeser.com/index.php/publicacion?p_id=1674,200,https://www.vonwobeser.com/index.php/publicacion?p_id=1674,"Diciembre, 2021",2021-12,month,Von Wobeser y Sierra - Competencia económica: un potencial detonante de iniciativas sustentables,"Von Wobeser y Sierra S.C. es una de las principales firmas de derecho mexicano que ofrece soluciones legales de servicio completo. Se compone de más de 30 diferentes áreas de práctica, incluyendo escritorios especializados con una lista fuerte de clientes internacionales y nacionales.",,,,,Competencia económica: un potencial detonante de iniciativas sustentables,div,3731f1df574dd550f7dfece2c4a8ac21a97f03776965ed52dc91c430d01b21d2,6bee7618c4136f7d927289d310259092ad03f0fc2fe7ce844105998b2fd3e948,false,,https://www.vonwobeser.com/index.php/abogado?l=323 | https://expansion.mx/opinion/2021/12/07/competencia-economica-detonante-iniciativas-sustentables,legacy_id,07fe176f-f88f-4e6f-96d4-2f9156cfd495,competencia-economica-un-potencial-detonante-de-iniciativas-sustentables,1674,true,2021-12-01,match,match,match,different,not_applicable,match,correcto,1,match,https://www.vonwobeser.com/news/competencia-economica-un-potencial-detonante-de-iniciativas-sustentables,true,true,0,CONTENT_DIFFERENT
es:1288,es,1288,1287,https://www.vonwobeser.com/index.php/publicaciones/articulos?start=50,https://www.vonwobeser.com/index.php/publicacion?p_id=1288,200,https://www.vonwobeser.com/index.php/publicacion?p_id=1288,"Mayo, 2020",2020-05,month,Von Wobeser y Sierra - Consecuencias Jurídicas para el Sector Energético Mexicano Debido a COVID-19,"Von Wobeser y Sierra S.C. es una de las principales firmas de derecho mexicano que ofrece soluciones legales de servicio completo. Se compone de más de 30 diferentes áreas de práctica, incluyendo escritorios especializados con una lista fuerte de clientes internacionales y nacionales.",,,,,Consecuencias Jurídicas para el Sector Energético Mexicano Debido a COVID-19,div,2b34a4a01e266e08664546d78bc2665a661f37ea87ed547405c57d10872c3dfe,700351900184c0985a1aa4b5dd71172c424015422f3706c99b46e972c77c3044,false,https://www.vonwobeser.com/images/PDF/2020/202005_ABA_Issue57vf_EG.pdf,,legacy_id,c916d9f3-5029-449d-afdc-95af43e1041e,consecuencias-juridicas-para-el-sector-energetico-mexicano-debido-a-covid-19,1288,true,2020-05-01,match,match,match,different,not_applicable,match,correcto,1,match,https://www.vonwobeser.com/news/consecuencias-juridicas-para-el-sector-energetico-mexicano-debido-a-covid-19,true,true,0,CONTENT_DIFFERENT
es:864,es,864,863,https://www.vonwobeser.com/index.php/publicaciones/articulos?start=60,https://www.vonwobeser.com/index.php/publicacion?p_id=864,200,https://www.vonwobeser.com/index.php/publicacion?p_id=864,"Diciembre, 2017",2017-12,month,Von Wobeser y Sierra - Adrián Magallanes- Getting the Deal Through- Acciones Colectivas 2018: Capítulo sobre México,"Von Wobeser y Sierra S.C. es una de las principales firmas de derecho mexicano que ofrece soluciones legales de servicio completo. Se compone de más de 30 diferentes áreas de práctica, incluyendo escritorios especializados con una lista fuerte de clientes internacionales y nacionales.",,,,,Adrián Magallanes- Getting the Deal Through- Acciones Colectivas 2018: Capítulo sobre México,div,d6872859b0cb72296e1a23d0ae012945a4007bf0ae7710f0283a004fe01fd3c1,228ccc0bc6647733c7eaa70384e0f959e1cfcf2a518ca659ec9608fc58f6cc36,false,https://www.vonwobeser.com/images/PDF_news/PDF_articles/2017/Class-Actions-2018Mexico.pdf,https://www.vonwobeser.com/index.php/abogado?l=148,legacy_id,c52ecedd-8ebb-4981-99b6-6c3d6ff67048,adrian-magallanes-getting-the-deal-through-acciones-colectivas-2018-capitulo-sob,864,true,2017-12-01,match,match,match,different,not_applicable,match,correcto,1,match,https://www.vonwobeser.com/news/adrian-magallanes-getting-the-deal-through-acciones-colectivas-2018-capitulo-sob,true,true,0,CONTENT_DIFFERENT
es:805,es,805,804,https://www.vonwobeser.com/index.php/publicaciones/articulos?start=60,https://www.vonwobeser.com/index.php/publicacion?p_id=805,200,https://www.vonwobeser.com/index.php/publicacion?p_id=805,"Septiembre, 2017",2017-09,month,Von Wobeser y Sierra - Fernando Carreño – Euromoney: Las fusiones y adquisiciones mexicanas se encogen de hombros ante el bajón de Trump,"Von Wobeser y Sierra S.C. es una de las principales firmas de derecho mexicano que ofrece soluciones legales de servicio completo. Se compone de más de 30 diferentes áreas de práctica, incluyendo escritorios especializados con una lista fuerte de clientes internacionales y nacionales.",,,,,Fernando Carreño – Euromoney: Las fusiones y adquisiciones mexicanas se encogen de hombros ante el bajón de Trump,div,7ed36a395fd6620be37ca6b6044581526d2e2dc102d457d84cfd9e75e394df07,39a4ba75270db3fc55783b33cf813a9fb986f186fd2aac5cbb7d81e85d8cb681,false,https://www.vonwobeser.com/images/PDF_news/2017/Mexican-MA-shrugs-off-the-Trump-slump-_-Euromoney.pdf,https://www.vonwobeser.com/index.php/abogado?l=145 | https://www.euromoney.com/article/b14x1dch0gwn9v/mexican-mampa-shrugs-off-the-trump-slump,legacy_id,b67dc8d2-a0ee-4454-8a56-f1cb906fd623,fernando-carreno-euromoney-las-fusiones-y-adquisiciones-mexicanas-se-encogen-de-,805,true,2017-09-01,match,match,match,different,not_applicable,match,correcto,1,match,https://www.vonwobeser.com/news/fernando-carreno-euromoney-las-fusiones-y-adquisiciones-mexicanas-se-encogen-de-,true,true,0,CONTENT_DIFFERENT
es:406,es,406,407,https://www.vonwobeser.com/index.php/publicaciones/articulos?start=120,https://www.vonwobeser.com/index.php/publicacion?p_id=406,200,https://www.vonwobeser.com/index.php/publicacion?p_id=406,"Enero, 2013",2013-01,month,"Von Wobeser y Sierra - Luis Miguel Jiménez , Lourdes Salazar - International Law Office, Implicaciones en materia de Comercio Exterior derivadas de Fusiones y Adquisiciones","Von Wobeser y Sierra S.C. es una de las principales firmas de derecho mexicano que ofrece soluciones legales de servicio completo. Se compone de más de 30 diferentes áreas de práctica, incluyendo escritorios especializados con una lista fuerte de clientes internacionales y nacionales.",,,,,"Luis Miguel Jiménez , Lourdes Salazar - International Law Office, Implicaciones en materia de Comercio Exterior derivadas de Fusiones y Adquisiciones",div,e551da8907bc1376bf26f2565f41b5346faed0a99df92c97ec863f12ff6ea5f3,e3b0c44298fc1c149afbf4c8996fb92427ae41e4649b934ca495991b7852b855,false,https://www.vonwobeser.com/images/PDF_news/2015/56_ILO_Foreign_trade_implications_of_MA_transactions.pdf,https://www.vonwobeser.com/index.php/abogado?l=143,verified_language_counterpart,c456eb8b-ee6c-4bb8-ad65-4636a649c8f2,luis-miguel-jimenez-lourdes-salazar-international-law-office-foreign-trade-impli,407,true,2013-01-01,match,similar,different,different,not_applicable,match,correcto,1,match,https://www.vonwobeser.com/news/luis-miguel-jimenez-lourdes-salazar-international-law-office-foreign-trade-impli,true,true,0,TITLE_SIMILAR | CONTENT_DIFFERENT
es:446,es,446,447,https://www.vonwobeser.com/index.php/publicaciones/articulos?start=130,https://www.vonwobeser.com/index.php/publicacion?p_id=446,200,https://www.vonwobeser.com/index.php/publicacion?p_id=446,"Febrero, 2012",2012-02,month,Von Wobeser y Sierra - Claus von Wobeser - The European Lawyer Reference Series - Arbitration World 4th Edition Capítulo de México,"Von Wobeser y Sierra S.C. es una de las principales firmas de derecho mexicano que ofrece soluciones legales de servicio completo. Se compone de más de 30 diferentes áreas de práctica, incluyendo escritorios especializados con una lista fuerte de clientes internacionales y nacionales.",,,,,Claus von Wobeser - The European Lawyer Reference Series - Arbitration World 4th Edition Capítulo de México,div,683beeceaa61df0a870507c1a4a95c87b2d6730fdd5dc53296c8f1537242902d,e3b0c44298fc1c149afbf4c8996fb92427ae41e4649b934ca495991b7852b855,false,https://www.vonwobeser.com/images/PDF_news/2015/1.5-The-European-Lawyer-Ref-Series-Arbitration-World-4th-Ed--Mexico.pdf,https://www.vonwobeser.com/index.php/abogado?l=134,legacy_id,650272b6-88d8-43a4-84d5-3b2f8c5f1fcd,claus-von-wobeser-the-european-lawyer-reference-series-arbitration-world-4th-edi-2,446,true,2012-02-01,match,match,match,different,not_applicable,match,correcto,1,match,https://www.vonwobeser.com/news/claus-von-wobeser-the-european-lawyer-reference-series-arbitration-world-4th-edi-2,true,true,0,CONTENT_DIFFERENT
es:450,es,450,451,https://www.vonwobeser.com/index.php/publicaciones/articulos?start=130,https://www.vonwobeser.com/index.php/publicacion?p_id=450,200,https://www.vonwobeser.com/index.php/publicacion?p_id=450,"Enero, 2009",2009-01,month,Von Wobeser y Sierra - Claus Von Wobeser - La Incorporación por Referencia,"Von Wobeser y Sierra S.C. es una de las principales firmas de derecho mexicano que ofrece soluciones legales de servicio completo. Se compone de más de 30 diferentes áreas de práctica, incluyendo escritorios especializados con una lista fuerte de clientes internacionales y nacionales.",,,,,Claus Von Wobeser - La Incorporación por Referencia,div,658fb733b0c93162ab43f16dea5d7aa448373f65b21fb8ca074b0ac2588916b2,03a049dd5fe466cf917f8452776fe7437e9e1f2c0fee3e1a0a779edb30a23ef2,false,https://www.vonwobeser.com/images/PDF_news/2015/PAUTA-58-CVW.pdf,https://www.vonwobeser.com/index.php/abogado?l=134,legacy_id,3c635370-da04-45bd-932b-1bb9ba32c3a3,claus-von-wobeser-la-incorporacion-por-referencia,450,true,2009-01-01,match,match,similar,different,not_applicable,match,correcto,1,match,https://www.vonwobeser.com/news/claus-von-wobeser-la-incorporacion-por-referencia,true,true,0,CONTENT_DIFFERENT
es:813,es,813,812,https://www.vonwobeser.com/index.php/publicaciones/articulos?start=130,https://www.vonwobeser.com/index.php/publicacion?p_id=813,200,https://www.vonwobeser.com/index.php/publicacion?p_id=813,"Diciembre, 2007",2007-12,month,"Von Wobeser y Sierra - Luis Burgueño, Patrick Meshoulam , Luis Alberto Pérez - Mexico Toma Dos Medidas Importantes Hacia la Convergencia en Telecomunicaciones","Von Wobeser y Sierra S.C. es una de las principales firmas de derecho mexicano que ofrece soluciones legales de servicio completo. Se compone de más de 30 diferentes áreas de práctica, incluyendo escritorios especializados con una lista fuerte de clientes internacionales y nacionales.",,,,,"Luis Burgueño, Patrick Meshoulam , Luis Alberto Pérez - Mexico Toma Dos Medidas Importantes Hacia la Convergencia en Telecomunicaciones",div,e8b7fe98ab4e0d79a7043b5cf4fa22d70677059f08aa903b5a4143c164733109,4728a7263bed77fd1d9214ef489da37bd84eab9bb65c30e8a0ec4189ecc79916,false,https://www.vonwobeser.com/images/PDF_news/PDF_articles/2017/5-GCR-LBC-Mexico-takes-2-major-steps-2007-37-Mexico-telecoms.pdf,https://www.vonwobeser.com/index.php/abogado?l=141,legacy_id,94c3a762-191d-4afe-8c4f-41c40427aac4,luis-burgueno-patrick-meshoulam-luis-alberto-perez-mexico-toma-dos-medidas-impor,813,true,2007-12-01,match,match,similar,different,not_applicable,match,correcto,1,match,https://www.vonwobeser.com/news/luis-burgueno-patrick-meshoulam-luis-alberto-perez-mexico-toma-dos-medidas-impor,true,true,0,CONTENT_DIFFERENT
es:465,es,465,466,https://www.vonwobeser.com/index.php/publicaciones/articulos?start=140,https://www.vonwobeser.com/index.php/publicacion?p_id=465,200,https://www.vonwobeser.com/index.php/publicacion?p_id=465,"Junio, 2005",2005-06,month,Von Wobeser y Sierra - Luis Burgueño - Comercio Electrónico y la Ley Sobre Firmas Electrónicas,"Von Wobeser y Sierra S.C. es una de las principales firmas de derecho mexicano que ofrece soluciones legales de servicio completo. Se compone de más de 30 diferentes áreas de práctica, incluyendo escritorios especializados con una lista fuerte de clientes internacionales y nacionales.",,,,,Luis Burgueño - Comercio Electrónico y la Ley Sobre Firmas Electrónicas,div,a3eeb0ec2733cc03943ac828f3d5fc6a431edf491c253c512ddb715b7502dd6d,5c87232a9d0da52c49c888ef4a6804fca787908368923591acb19249b6c846d1,false,https://www.vonwobeser.com/images/PDF_news/2015/Chapter-16.pdf,https://www.vonwobeser.com/index.php/abogado?l=141,legacy_id,96e019db-09a3-480e-9f5d-7408d014ee8c,luis-burgueno-comercio-electronico-y-la-ley-sobre-firmas-electronicas,465,true,2005-06-01,match,match,similar,different,not_applicable,match,correcto,1,match,https://www.vonwobeser.com/news/luis-burgueno-comercio-electronico-y-la-ley-sobre-firmas-electronicas,true,true,0,CONTENT_DIFFERENT
es:1567,es,1567,1566,https://www.vonwobeser.com/index.php/publicaciones/articulos?start=140,https://www.vonwobeser.com/index.php/publicacion?p_id=1567,200,https://www.vonwobeser.com/index.php/publicacion?p_id=1567,"Mayo, 2005",2005-05,month,"Von Wobeser y Sierra - Pablo Jiménez - Stanford Law School - Reformulación de los deberes fiduciarios en México: Un paso hacia la funcionalidad, 2005","Von Wobeser y Sierra S.C. es una de las principales firmas de derecho mexicano que ofrece soluciones legales de servicio completo. Se compone de más de 30 diferentes áreas de práctica, incluyendo escritorios especializados con una lista fuerte de clientes internacionales y nacionales.",,,,,"Pablo Jiménez - Stanford Law School - Reformulación de los deberes fiduciarios en México: Un paso hacia la funcionalidad, 2005",div,ff98a613a4288359072684a4c79a349dd4b762ebce35a66e6e432fa4c08855a1,051d80abd028275f31d6382b66c85c141b61b3fd13c979cd59abcd2aa61e171b,false,https://www.vonwobeser.com/images/PDF_news/PDF_articles/2021/7-Stanford-Law-School.pdf,https://www.vonwobeser.com/index.php/abogado?l=323 | https://law.stanford.edu/publications/reshaping-fiduciary-duties-in-mexico-a-step-towards-functionality/,legacy_id,d1983526-22c6-4207-92ff-6277f1f6101c,pablo-jimenez-stanford-law-school-reformulacion-de-los-deberes-fiduciarios-en-me,1567,true,2005-05-01,match,match,match,different,not_applicable,match,correcto,1,match,https://www.vonwobeser.com/news/pablo-jimenez-stanford-law-school-reformulacion-de-los-deberes-fiduciarios-en-me,true,true,0,CONTENT_DIFFERENT
es:1561,es,1561,1560,https://www.vonwobeser.com/index.php/publicaciones/articulos?start=140,https://www.vonwobeser.com/index.php/publicacion?p_id=1561,200,https://www.vonwobeser.com/index.php/publicacion?p_id=1561,"Enero, 2004",2004-01,month,"Von Wobeser y Sierra - Pablo Jiménez – Editorial Porrúa - Ofertas Públicas de Adquisición, 2004","Von Wobeser y Sierra S.C. es una de las principales firmas de derecho mexicano que ofrece soluciones legales de servicio completo. Se compone de más de 30 diferentes áreas de práctica, incluyendo escritorios especializados con una lista fuerte de clientes internacionales y nacionales.",,,,,"Pablo Jiménez – Editorial Porrúa - Ofertas Públicas de Adquisición, 2004",div,99090c00314d6fe7602cfd9e1e0180819a53c63acf6e37b0578f1f78049bc965,d1ff87ce512739b7373f445a5fa6ae2c35ffa0db6220b901072bdadf2766a041,false,,https://www.vonwobeser.com/index.php/abogado?l=323 | https://www.amazon.com/OFERTAS-PUBLICAS-ADQUISICION-JIMENEZ-ZORRILLA/dp/9700751228,legacy_id,777983f6-de58-4fde-b862-a4afe13274d4,pablo-jimenez-editorial-porrua-ofertas-publicas-de-adquisicion-2004,1561,true,2004-01-01,match,match,match,different,not_applicable,match,correcto,1,match,https://www.vonwobeser.com/news/pablo-jimenez-editorial-porrua-ofertas-publicas-de-adquisicion-2004,true,true,0,CONTENT_DIFFERENT
en:1834,en,1834,1833,https://www.vonwobeser.com/index.php/publications/articles,https://www.vonwobeser.com/index.php/publication?p_id=1834,200,https://www.vonwobeser.com/index.php/publication?p_id=1834,"March, 2024",2024-03,month,Von Wobeser y Sierra - Daniela Pons - Nexos - Los empresarios son beneficiarios del combate a la corrupción privada - Mayo 2023.,"Von Wobeser y Sierra S.C. es una de las principales firmas de derecho mexicano que ofrece soluciones legales de servicio completo. Se compone de más de 30 diferentes áreas de práctica, incluyendo escritorios especializados con una lista fuerte de clientes internacionales y nacionales.",,,,,Daniela Pons - Nexos - Los empresarios son beneficiarios del combate a la corrupción privada - Mayo 2023.,div,1f703bf286b642eef15d45b3cba0cf75da34b36d4f62e2a713e0e00eb69b10a1,e3b0c44298fc1c149afbf4c8996fb92427ae41e4649b934ca495991b7852b855,true,,https://www.vonwobeser.com/index.php/lawyer?l=398 | https://anticorrupcion.nexos.com.mx/los-empresarios-son-beneficiarios-del-combate-a-la-corrupcion-privada/,legacy_id,6580f7b1-78af-4c2b-92f8-6db5b067d2d4,daniela-pons-nexos-los-empresarios-son-beneficiarios-del-combate-a-la-corrupcion,1834,true,2024-03-01,match,different,source_only,source_only,match,match,correcto,1,match,https://www.vonwobeser.com/news/daniela-pons-nexos-los-empresarios-son-beneficiarios-del-combate-a-la-corrupcion?lang=en,true,true,0,TITLE_DIFFERENT
en:1832,en,1832,1817,https://www.vonwobeser.com/index.php/publications/articles,https://www.vonwobeser.com/index.php/publication?p_id=1832,200,https://www.vonwobeser.com/index.php/publication?p_id=1832,"March, 2024",2024-03,month,"Von Wobeser y Sierra - Comentarios sobre el Delito de Defraudación Fiscal Equiparada relacionada con el IVA respecto a la consignación del Valor de Actos o Actividades, Thomson Reuters (2015)","Von Wobeser y Sierra S.C. es una de las principales firmas de derecho mexicano que ofrece soluciones legales de servicio completo. Se compone de más de 30 diferentes áreas de práctica, incluyendo escritorios especializados con una lista fuerte de clientes internacionales y nacionales.",,,,,"Comentarios sobre el Delito de Defraudación Fiscal Equiparada relacionada con el IVA respecto a la consignación del Valor de Actos o Actividades, Thomson Reuters (2015)",div,e3b0c44298fc1c149afbf4c8996fb92427ae41e4649b934ca495991b7852b855,e3b0c44298fc1c149afbf4c8996fb92427ae41e4649b934ca495991b7852b855,false,,https://www.vonwobeser.com/index.php/lawyer?l=396,legacy_id,7f630609-6ae8-484d-8fdc-841dd7f45859,comentarios-sobre-el-delito-de-defraudacion-fiscal-equiparada-relacionada-con-el,1832,true,2024-03-01,match,different,not_applicable,not_applicable,different,match,correcto,1,match,https://www.vonwobeser.com/news/comentarios-sobre-el-delito-de-defraudacion-fiscal-equiparada-relacionada-con-el?lang=en,true,true,0,TITLE_DIFFERENT
en:1831,en,1831,1816,https://www.vonwobeser.com/index.php/publications/articles,https://www.vonwobeser.com/index.php/publication?p_id=1831,200,https://www.vonwobeser.com/index.php/publication?p_id=1831,"March, 2024",2024-03,month,"Von Wobeser y Sierra - Prescripción Penal-Fiscal, Thomson Reuters (2015)","Von Wobeser y Sierra S.C. es una de las principales firmas de derecho mexicano que ofrece soluciones legales de servicio completo. Se compone de más de 30 diferentes áreas de práctica, incluyendo escritorios especializados con una lista fuerte de clientes internacionales y nacionales.",,,,,"Prescripción Penal-Fiscal, Thomson Reuters (2015)",div,e3b0c44298fc1c149afbf4c8996fb92427ae41e4649b934ca495991b7852b855,e3b0c44298fc1c149afbf4c8996fb92427ae41e4649b934ca495991b7852b855,false,,https://www.vonwobeser.com/index.php/lawyer?l=396,legacy_id,5c2705c0-34c6-4989-8d05-da918872008a,prescripcion-penal-fiscal-thomson-reuters-2015,1831,true,2024-03-01,match,different,not_applicable,not_applicable,different,match,correcto,1,match,https://www.vonwobeser.com/news/prescripcion-penal-fiscal-thomson-reuters-2015?lang=en,true,true,0,TITLE_DIFFERENT
en:1830,en,1830,1815,https://www.vonwobeser.com/index.php/publications/articles,https://www.vonwobeser.com/index.php/publication?p_id=1830,200,https://www.vonwobeser.com/index.php/publication?p_id=1830,"March, 2024",2024-03,month,"Von Wobeser y Sierra - Política Criminal Contemporánea de la Secretaría de Hacienda y Crédito Público, Thomson Reuters (2015)","Von Wobeser y Sierra S.C. es una de las principales firmas de derecho mexicano que ofrece soluciones legales de servicio completo. Se compone de más de 30 diferentes áreas de práctica, incluyendo escritorios especializados con una lista fuerte de clientes internacionales y nacionales.",,,,,"Política Criminal Contemporánea de la Secretaría de Hacienda y Crédito Público, Thomson Reuters (2015)",div,e3b0c44298fc1c149afbf4c8996fb92427ae41e4649b934ca495991b7852b855,e3b0c44298fc1c149afbf4c8996fb92427ae41e4649b934ca495991b7852b855,false,,https://www.vonwobeser.com/index.php/lawyer?l=396,legacy_id,9e27d552-ebf0-4064-a162-cd029acf4296,politica-criminal-contemporanea-de-la-secretaria-de-hacienda-y-credito-publico-t,1830,true,2024-03-01,match,different,not_applicable,not_applicable,different,match,correcto,1,match,https://www.vonwobeser.com/news/politica-criminal-contemporanea-de-la-secretaria-de-hacienda-y-credito-publico-t?lang=en,true,true,0,TITLE_DIFFERENT
en:1829,en,1829,1814,https://www.vonwobeser.com/index.php/publications/articles,https://www.vonwobeser.com/index.php/publication?p_id=1829,200,https://www.vonwobeser.com/index.php/publication?p_id=1829,"March, 2024",2024-03,month,"Von Wobeser y Sierra - Blockchain y Compliance, Mundo Ejecutivo (2023)","Von Wobeser y Sierra S.C. es una de las principales firmas de derecho mexicano que ofrece soluciones legales de servicio completo. Se compone de más de 30 diferentes áreas de práctica, incluyendo escritorios especializados con una lista fuerte de clientes internacionales y nacionales.",,,,,"Blockchain y Compliance, Mundo Ejecutivo (2023)",div,e3b0c44298fc1c149afbf4c8996fb92427ae41e4649b934ca495991b7852b855,e3b0c44298fc1c149afbf4c8996fb92427ae41e4649b934ca495991b7852b855,false,,https://www.vonwobeser.com/index.php/lawyer?l=396,legacy_id,699c4592-7dc8-4605-8a8a-5397d73752f3,blockchain-y-compliance-mundo-ejecutivo-2023,1829,true,2024-03-01,match,similar,official_missing,not_applicable,different,match,correcto,1,match,https://www.vonwobeser.com/news/blockchain-y-compliance-mundo-ejecutivo-2023?lang=en,true,true,0,TITLE_SIMILAR
en:1828,en,1828,1813,https://www.vonwobeser.com/index.php/publications/articles,https://www.vonwobeser.com/index.php/publication?p_id=1828,200,https://www.vonwobeser.com/index.php/publication?p_id=1828,"March, 2024",2024-03,month,"Von Wobeser y Sierra - La Tokenización de las Cosas, Revista del Ilustre y Nacional Colegio de Abogados de México (2024)","Von Wobeser y Sierra S.C. es una de las principales firmas de derecho mexicano que ofrece soluciones legales de servicio completo. Se compone de más de 30 diferentes áreas de práctica, incluyendo escritorios especializados con una lista fuerte de clientes internacionales y nacionales.",,,,,"La Tokenización de las Cosas, Revista del Ilustre y Nacional Colegio de Abogados de México (2024)",div,e3b0c44298fc1c149afbf4c8996fb92427ae41e4649b934ca495991b7852b855,e3b0c44298fc1c149afbf4c8996fb92427ae41e4649b934ca495991b7852b855,false,,https://www.vonwobeser.com/index.php/lawyer?l=396,legacy_id,8102ea66-237c-4b27-9c62-d1303c8e1a2e,la-tokenizacion-de-las-cosas-revista-del-ilustre-y-nacional-colegio-de-abogados-,1828,true,2024-03-01,match,different,not_applicable,not_applicable,different,match,correcto,1,match,https://www.vonwobeser.com/news/la-tokenizacion-de-las-cosas-revista-del-ilustre-y-nacional-colegio-de-abogados-?lang=en,true,true,0,TITLE_DIFFERENT
en:1827,en,1827,1812,https://www.vonwobeser.com/index.php/publications/articles,https://www.vonwobeser.com/index.php/publication?p_id=1827,200,https://www.vonwobeser.com/index.php/publication?p_id=1827,"March, 2024",2024-03,month,"Von Wobeser y Sierra - El Tratamiento Fiscal de las Criptomonedas, Thomson Reuters (2022)","Von Wobeser y Sierra S.C. es una de las principales firmas de derecho mexicano que ofrece soluciones legales de servicio completo. Se compone de más de 30 diferentes áreas de práctica, incluyendo escritorios especializados con una lista fuerte de clientes internacionales y nacionales.",,,,,"El Tratamiento Fiscal de las Criptomonedas, Thomson Reuters (2022)",div,e3b0c44298fc1c149afbf4c8996fb92427ae41e4649b934ca495991b7852b855,e3b0c44298fc1c149afbf4c8996fb92427ae41e4649b934ca495991b7852b855,false,,https://www.vonwobeser.com/index.php/lawyer?l=396,legacy_id,c3536dab-26fe-49db-9bb4-6dda61b42364,el-tratamiento-fiscal-de-las-criptomonedas-thomson-reuters-2022,1827,true,2024-03-01,match,different,not_applicable,not_applicable,different,match,correcto,1,match,https://www.vonwobeser.com/news/el-tratamiento-fiscal-de-las-criptomonedas-thomson-reuters-2022?lang=en,true,true,0,TITLE_DIFFERENT
en:1826,en,1826,1811,https://www.vonwobeser.com/index.php/publications/articles,https://www.vonwobeser.com/index.php/publication?p_id=1826,200,https://www.vonwobeser.com/index.php/publication?p_id=1826,"March, 2024",2024-03,month,"Von Wobeser y Sierra - Las Criptomonedas y los Esquemas Ponzi, MIT Sloan (2022)","Von Wobeser y Sierra S.C. es una de las principales firmas de derecho mexicano que ofrece soluciones legales de servicio completo. Se compone de más de 30 diferentes áreas de práctica, incluyendo escritorios especializados con una lista fuerte de clientes internacionales y nacionales.",,,,,"Las Criptomonedas y los Esquemas Ponzi, MIT Sloan (2022)",div,e3b0c44298fc1c149afbf4c8996fb92427ae41e4649b934ca495991b7852b855,e3b0c44298fc1c149afbf4c8996fb92427ae41e4649b934ca495991b7852b855,false,,https://www.vonwobeser.com/index.php/lawyer?l=396,legacy_id,7850c41f-7158-45be-8719-36af3a67e5a0,las-criptomonedas-y-los-esquemas-ponzi-mit-sloan-2022,1826,true,2024-03-01,match,different,official_missing,not_applicable,different,match,correcto,1,match,https://www.vonwobeser.com/news/las-criptomonedas-y-los-esquemas-ponzi-mit-sloan-2022?lang=en,true,true,0,TITLE_DIFFERENT
en:1825,en,1825,1810,https://www.vonwobeser.com/index.php/publications/articles,https://www.vonwobeser.com/index.php/publication?p_id=1825,200,https://www.vonwobeser.com/index.php/publication?p_id=1825,"March, 2024",2024-03,month,"Von Wobeser y Sierra - Las Criptomonedas y su Transparente Blockchain, Periódico Milenio (2021)","Von Wobeser y Sierra S.C. es una de las principales firmas de derecho mexicano que ofrece soluciones legales de servicio completo. Se compone de más de 30 diferentes áreas de práctica, incluyendo escritorios especializados con una lista fuerte de clientes internacionales y nacionales.",,,,,"Las Criptomonedas y su Transparente Blockchain, Periódico Milenio (2021)",div,e3b0c44298fc1c149afbf4c8996fb92427ae41e4649b934ca495991b7852b855,e3b0c44298fc1c149afbf4c8996fb92427ae41e4649b934ca495991b7852b855,false,,https://www.vonwobeser.com/index.php/lawyer?l=396,legacy_id,946ef260-8f06-42d3-a1eb-8ad07f99d12b,las-criptomonedas-y-su-transparente-blockchain-periodico-milenio-2021,1825,true,2024-03-01,match,different,official_missing,not_applicable,different,match,correcto,1,match,https://www.vonwobeser.com/news/las-criptomonedas-y-su-transparente-blockchain-periodico-milenio-2021?lang=en,true,true,0,TITLE_DIFFERENT
en:1824,en,1824,1809,https://www.vonwobeser.com/index.php/publications/articles,https://www.vonwobeser.com/index.php/publication?p_id=1824,200,https://www.vonwobeser.com/index.php/publication?p_id=1824,"March, 2024",2024-03,month,"Von Wobeser y Sierra - Responsabilidad Penal de la Empresa y del Abogado, Thomson Reuters (2020)","Von Wobeser y Sierra S.C. es una de las principales firmas de derecho mexicano que ofrece soluciones legales de servicio completo. Se compone de más de 30 diferentes áreas de práctica, incluyendo escritorios especializados con una lista fuerte de clientes internacionales y nacionales.",,,,,"Responsabilidad Penal de la Empresa y del Abogado, Thomson Reuters (2020)",div,e3b0c44298fc1c149afbf4c8996fb92427ae41e4649b934ca495991b7852b855,e3b0c44298fc1c149afbf4c8996fb92427ae41e4649b934ca495991b7852b855,false,,https://www.vonwobeser.com/index.php/lawyer?l=396,legacy_id,6fb84b65-ea03-4500-83c6-2300b3e4b8c8,responsabilidad-penal-de-la-empresa-y-del-abogado-thomson-reuters-2020,1824,true,2024-03-01,match,different,not_applicable,not_applicable,different,match,correcto,1,match,https://www.vonwobeser.com/news/responsabilidad-penal-de-la-empresa-y-del-abogado-thomson-reuters-2020?lang=en,true,true,0,TITLE_DIFFERENT
en:1823,en,1823,1808,https://www.vonwobeser.com/index.php/publications/articles?start=10,https://www.vonwobeser.com/index.php/publication?p_id=1823,200,https://www.vonwobeser.com/index.php/publication?p_id=1823,"March, 2024",2024-03,month,"Von Wobeser y Sierra - El Lavado de Dinero y las Criptomonedas (Segunda parte), Thomson Reuters (2021)","Von Wobeser y Sierra S.C. es una de las principales firmas de derecho mexicano que ofrece soluciones legales de servicio completo. Se compone de más de 30 diferentes áreas de práctica, incluyendo escritorios especializados con una lista fuerte de clientes internacionales y nacionales.",,,,,"El Lavado de Dinero y las Criptomonedas (Segunda parte), Thomson Reuters (2021)",div,e3b0c44298fc1c149afbf4c8996fb92427ae41e4649b934ca495991b7852b855,e3b0c44298fc1c149afbf4c8996fb92427ae41e4649b934ca495991b7852b855,false,,https://www.vonwobeser.com/index.php/lawyer?l=396,legacy_id,5af0619c-2969-4c22-9da9-c71e642e5aea,el-lavado-de-dinero-y-las-criptomonedas-segunda-parte-thomson-reuters-2021,1823,true,2024-03-01,match,different,not_applicable,not_applicable,different,match,correcto,1,match,https://www.vonwobeser.com/news/el-lavado-de-dinero-y-las-criptomonedas-segunda-parte-thomson-reuters-2021?lang=en,true,true,0,TITLE_DIFFERENT
en:1822,en,1822,1807,https://www.vonwobeser.com/index.php/publications/articles?start=10,https://www.vonwobeser.com/index.php/publication?p_id=1822,200,https://www.vonwobeser.com/index.php/publication?p_id=1822,"March, 2024",2024-03,month,"Von Wobeser y Sierra - El Lavado de Dinero y las Criptomonedas (Primera parte), Thomson Reuters (2020)","Von Wobeser y Sierra S.C. es una de las principales firmas de derecho mexicano que ofrece soluciones legales de servicio completo. Se compone de más de 30 diferentes áreas de práctica, incluyendo escritorios especializados con una lista fuerte de clientes internacionales y nacionales.",,,,,"El Lavado de Dinero y las Criptomonedas (Primera parte), Thomson Reuters (2020)",div,e3b0c44298fc1c149afbf4c8996fb92427ae41e4649b934ca495991b7852b855,e3b0c44298fc1c149afbf4c8996fb92427ae41e4649b934ca495991b7852b855,false,,https://www.vonwobeser.com/index.php/lawyer?l=396,legacy_id,1bbe4a2b-5b8c-4996-8005-972706a066b3,el-lavado-de-dinero-y-las-criptomonedas-primera-parte-thomson-reuters-2020,1822,true,2024-03-01,match,different,not_applicable,not_applicable,different,match,correcto,1,match,https://www.vonwobeser.com/news/el-lavado-de-dinero-y-las-criptomonedas-primera-parte-thomson-reuters-2020?lang=en,true,true,0,TITLE_DIFFERENT
en:1821,en,1821,1806,https://www.vonwobeser.com/index.php/publications/articles?start=10,https://www.vonwobeser.com/index.php/publication?p_id=1821,200,https://www.vonwobeser.com/index.php/publication?p_id=1821,"March, 2024",2024-03,month,"Von Wobeser y Sierra - El Concepto de Organización en Delincuencia Organizada y Crímenes de Lesa Humanidad, Todo Penal Internacional (2021)","Von Wobeser y Sierra S.C. es una de las principales firmas de derecho mexicano que ofrece soluciones legales de servicio completo. Se compone de más de 30 diferentes áreas de práctica, incluyendo escritorios especializados con una lista fuerte de clientes internacionales y nacionales.",,,,,"El Concepto de Organización en Delincuencia Organizada y Crímenes de Lesa Humanidad, Todo Penal Internacional (2021)",div,e3b0c44298fc1c149afbf4c8996fb92427ae41e4649b934ca495991b7852b855,e3b0c44298fc1c149afbf4c8996fb92427ae41e4649b934ca495991b7852b855,false,,https://www.vonwobeser.com/index.php/lawyer?l=396,legacy_id,3c16c8ce-56cc-409f-9d04-0fbbf0c82d8f,el-concepto-de-organizacion-en-delincuencia-organizada-y-crimenes-de-lesa-humani,1821,true,2024-03-01,match,different,not_applicable,not_applicable,different,match,correcto,1,match,https://www.vonwobeser.com/news/el-concepto-de-organizacion-en-delincuencia-organizada-y-crimenes-de-lesa-humani?lang=en,true,true,0,TITLE_DIFFERENT
en:1820,en,1820,1805,https://www.vonwobeser.com/index.php/publications/articles?start=10,https://www.vonwobeser.com/index.php/publication?p_id=1820,200,https://www.vonwobeser.com/index.php/publication?p_id=1820,"March, 2024",2024-03,month,"Von Wobeser y Sierra - La Evasión Fiscal: Una forma de Corrupción, Periódico Milenio (2020)","Von Wobeser y Sierra S.C. es una de las principales firmas de derecho mexicano que ofrece soluciones legales de servicio completo. Se compone de más de 30 diferentes áreas de práctica, incluyendo escritorios especializados con una lista fuerte de clientes internacionales y nacionales.",,,,,"La Evasión Fiscal: Una forma de Corrupción, Periódico Milenio (2020)",div,e3b0c44298fc1c149afbf4c8996fb92427ae41e4649b934ca495991b7852b855,e3b0c44298fc1c149afbf4c8996fb92427ae41e4649b934ca495991b7852b855,false,,https://www.vonwobeser.com/index.php/lawyer?l=396,legacy_id,1d21dfdc-915f-4f52-a3ba-cdd0b824cfb0,la-evasion-fiscal-una-forma-de-corrupcion-periodico-milenio-2020,1820,true,2024-03-01,match,different,official_missing,not_applicable,different,match,correcto,1,match,https://www.vonwobeser.com/news/la-evasion-fiscal-una-forma-de-corrupcion-periodico-milenio-2020?lang=en,true,true,0,TITLE_DIFFERENT
en:1819,en,1819,1804,https://www.vonwobeser.com/index.php/publications/articles?start=10,https://www.vonwobeser.com/index.php/publication?p_id=1819,200,https://www.vonwobeser.com/index.php/publication?p_id=1819,"March, 2024",2024-03,month,"Von Wobeser y Sierra - Los Jueces deben pensar en las Víctimas, Periódico Milenio (2020)","Von Wobeser y Sierra S.C. es una de las principales firmas de derecho mexicano que ofrece soluciones legales de servicio completo. Se compone de más de 30 diferentes áreas de práctica, incluyendo escritorios especializados con una lista fuerte de clientes internacionales y nacionales.",,,,,"Los Jueces deben pensar en las Víctimas, Periódico Milenio (2020)",div,e3b0c44298fc1c149afbf4c8996fb92427ae41e4649b934ca495991b7852b855,e3b0c44298fc1c149afbf4c8996fb92427ae41e4649b934ca495991b7852b855,false,,https://www.vonwobeser.com/index.php/lawyer?l=396,legacy_id,b913e9f6-0291-4f7c-8c1a-7f3fd2e92570,los-jueces-deben-pensar-en-las-victimas-periodico-milenio-2020,1819,true,2024-03-01,match,different,official_missing,not_applicable,different,match,correcto,1,match,https://www.vonwobeser.com/news/los-jueces-deben-pensar-en-las-victimas-periodico-milenio-2020?lang=en,true,true,0,TITLE_DIFFERENT
en:1818,en,1818,1803,https://www.vonwobeser.com/index.php/publications/articles?start=10,https://www.vonwobeser.com/index.php/publication?p_id=1818,200,https://www.vonwobeser.com/index.php/publication?p_id=1818,"March, 2024",2024-03,month,"Von Wobeser y Sierra - No hay Crimen Perfecto, Periódico Milenio (2020)","Von Wobeser y Sierra S.C. es una de las principales firmas de derecho mexicano que ofrece soluciones legales de servicio completo. Se compone de más de 30 diferentes áreas de práctica, incluyendo escritorios especializados con una lista fuerte de clientes internacionales y nacionales.",,,,,"No hay Crimen Perfecto, Periódico Milenio (2020)",div,e3b0c44298fc1c149afbf4c8996fb92427ae41e4649b934ca495991b7852b855,e3b0c44298fc1c149afbf4c8996fb92427ae41e4649b934ca495991b7852b855,false,,https://www.vonwobeser.com/index.php/lawyer?l=396,legacy_id,390f09db-d1e4-4bea-b00b-8c61fc4ee911,no-hay-crimen-perfecto-periodico-milenio-2020,1818,true,2024-03-01,match,different,official_missing,not_applicable,different,match,correcto,1,match,https://www.vonwobeser.com/news/no-hay-crimen-perfecto-periodico-milenio-2020?lang=en,true,true,0,TITLE_DIFFERENT
en:1782,en,1782,1781,https://www.vonwobeser.com/index.php/publications/articles?start=10,https://www.vonwobeser.com/index.php/publication?p_id=1782,200,https://www.vonwobeser.com/index.php/publication?p_id=1782,"May, 2023",2023-05,month,Von Wobeser y Sierra - Una visión interdisciplinaria en el combate a la corrupción (2),"Von Wobeser y Sierra S.C. es una de las principales firmas de derecho mexicano que ofrece soluciones legales de servicio completo. Se compone de más de 30 diferentes áreas de práctica, incluyendo escritorios especializados con una lista fuerte de clientes internacionales y nacionales.",,,,,Una visión interdisciplinaria en el combate a la corrupción (2),div,e3b0c44298fc1c149afbf4c8996fb92427ae41e4649b934ca495991b7852b855,e3b0c44298fc1c149afbf4c8996fb92427ae41e4649b934ca495991b7852b855,false,https://www.vonwobeser.com/images/PDF_news/2023/vision_combate.pdf,https://www.vonwobeser.com/index.php/lawyer?l=195,legacy_id,a4871de1-85db-46e6-9e23-06f12d478081,una-vision-interdisciplinaria-en-el-combate-a-la-corrupcion-2,1782,true,2023-05-01,match,different,official_missing,official_missing,match,match,correcto,1,match,https://www.vonwobeser.com/news/una-vision-interdisciplinaria-en-el-combate-a-la-corrupcion-2?lang=en,true,true,0,TITLE_DIFFERENT
en:1755,en,1755,1756,https://www.vonwobeser.com/index.php/publications/articles?start=20,https://www.vonwobeser.com/index.php/publication?p_id=1755,200,https://www.vonwobeser.com/index.php/publication?p_id=1755,"October, 2022",2022-10,month,Von Wobeser y Sierra - Global Arbitration Review: Construction Arbitration Know-How Mexico Chapter,"Von Wobeser y Sierra S.C. es una de las principales firmas de derecho mexicano que ofrece soluciones legales de servicio completo. Se compone de más de 30 diferentes áreas de práctica, incluyendo escritorios especializados con una lista fuerte de clientes internacionales y nacionales.",,,,,Global Arbitration Review: Construction Arbitration Know-How Mexico Chapter,div,0bf90859f9d5c34a8f3a03113bd81c761b87413cc066cff0937c300613d90f33,016815836a54bfb888ae5f96f92ecf0aa7f4bf44e34690747bea9e3c488cea3f,false,,https://www.vonwobeser.com/index.php/lawyer?l=175 | https://vonwobeserysierra.us5.list-manage.com/track/click?u=b054d1d8087ee1d7ab2807780&id=03c8f69696&e=235d3ee136,legacy_id,4d2ea882-0ef8-4922-9e32-1fc93d59b42a,global-arbitration-review-construction-arbitration-know-how-mexico-chapter,1755,true,2022-10-01,match,match,match,different,not_applicable,match,correcto,1,match,https://www.vonwobeser.com/news/global-arbitration-review-construction-arbitration-know-how-mexico-chapter?lang=en,true,true,0,CONTENT_DIFFERENT
en:1725,en,1725,1726,https://www.vonwobeser.com/index.php/publications/articles?start=20,https://www.vonwobeser.com/index.php/publication?p_id=1725,200,https://www.vonwobeser.com/index.php/publication?p_id=1725,"May, 2022",2022-05,month,Von Wobeser y Sierra - Prepárate para el próximo cisne,"Von Wobeser y Sierra S.C. es una de las principales firmas de derecho mexicano que ofrece soluciones legales de servicio completo. Se compone de más de 30 diferentes áreas de práctica, incluyendo escritorios especializados con una lista fuerte de clientes internacionales y nacionales.",,,,,Prepárate para el próximo cisne,div,e3b0c44298fc1c149afbf4c8996fb92427ae41e4649b934ca495991b7852b855,e3b0c44298fc1c149afbf4c8996fb92427ae41e4649b934ca495991b7852b855,false,https://www.vonwobeser.com/images/PDF/2022/Preparate_Para_el_Proximo_Cisne1.pdf,https://www.vonwobeser.com/index.php/lawyer?l=323,legacy_id,69245f61-db72-404c-81e1-ff610b984a0e,preparate-para-el-proximo-cisne,1725,true,2022-05-01,match,different,official_missing,official_missing,match,match,correcto,1,match,https://www.vonwobeser.com/news/preparate-para-el-proximo-cisne?lang=en,true,true,0,TITLE_DIFFERENT
en:1700,en,1700,1699,https://www.vonwobeser.com/index.php/publications/articles?start=20,https://www.vonwobeser.com/index.php/publication?p_id=1700,200,https://www.vonwobeser.com/index.php/publication?p_id=1700,"February, 2022",2022-02,month,Von Wobeser y Sierra - Does your business contribute to changing the world? Consider an ESG perspective.,"Von Wobeser y Sierra S.C. es una de las principales firmas de derecho mexicano que ofrece soluciones legales de servicio completo. Se compone de más de 30 diferentes áreas de práctica, incluyendo escritorios especializados con una lista fuerte de clientes internacionales y nacionales.",,,,,Does your business contribute to changing the world? Consider an ESG perspective.,div,49b5ade6978ade2ba12ed8a5d023dc322cf9fc57eb9d328a068bc9aa63650e80,aadb55d627220225b95aa66b18b91022907013565bb3ea57b176a2ae7d896416,false,https://www.vonwobeser.com/images/PDF_news/2022/Tu-negocio-contribuye-a-cambiar-el-mundo_-Considera-una-perspectiva-ESG.pdf,https://www.vonwobeser.com/index.php/lawyer?l=323 | https://www.vonwobeser.com/index.php/practice?p=90 | https://expansion.mx/opinion/2022/01/03/negocio-contribuya-cambiar-el-mundo,legacy_id,d5005a08-6677-407a-9944-86d7ffcc07f9,does-your-business-contribute-to-changing-the-world-consider-an-esg-perspective,1700,true,2022-02-01,match,match,match,different,match,match,correcto,1,match,https://www.vonwobeser.com/news/does-your-business-contribute-to-changing-the-world-consider-an-esg-perspective?lang=en,true,true,0,CONTENT_DIFFERENT
en:1675,en,1675,,https://www.vonwobeser.com/index.php/publications/articles?start=20,https://www.vonwobeser.com/index.php/publication?p_id=1675,200,https://www.vonwobeser.com/index.php/publication?p_id=1675,"December, 2021",2021-12,month,Von Wobeser y Sierra - Economic competition: a potential trigger for sustainable initiatives.,"Von Wobeser y Sierra S.C. es una de las principales firmas de derecho mexicano que ofrece soluciones legales de servicio completo. Se compone de más de 30 diferentes áreas de práctica, incluyendo escritorios especializados con una lista fuerte de clientes internacionales y nacionales.",,,,,Economic competition: a potential trigger for sustainable initiatives.,div,2caf0de07e5d318629c136440f826606d8f27107a35b355752d9a0dfba95286a,6bee7618c4136f7d927289d310259092ad03f0fc2fe7ce844105998b2fd3e948,false,,https://www.vonwobeser.com/index.php/lawyer?l=323 | https://expansion.mx/opinion/2021/12/07/competencia-economica-detonante-iniciativas-sustentables,legacy_id,a4a98989-bd0c-4522-b2bd-d216a68aa687,economic-competition-a-potential-trigger-for-sustainable-initiatives,1675,true,2021-12-01,match,match,match,different,not_applicable,match,correcto,1,match,https://www.vonwobeser.com/news/economic-competition-a-potential-trigger-for-sustainable-initiatives?lang=en,true,true,0,CONTENT_DIFFERENT
en:1287,en,1287,1288,https://www.vonwobeser.com/index.php/publications/articles?start=50,https://www.vonwobeser.com/index.php/publication?p_id=1287,200,https://www.vonwobeser.com/index.php/publication?p_id=1287,"May, 2020",2020-05,month,Von Wobeser y Sierra - Legal Consequences For The Mexican Energy Sector Due To COVID-19,"Von Wobeser y Sierra S.C. es una de las principales firmas de derecho mexicano que ofrece soluciones legales de servicio completo. Se compone de más de 30 diferentes áreas de práctica, incluyendo escritorios especializados con una lista fuerte de clientes internacionales y nacionales.",,,,,Legal Consequences For The Mexican Energy Sector Due To COVID-19,div,bcdf6938dd51d70f0d523351ba2609a1ff01cbd265b2dcb453f1e9c489c982cb,59371338173f32582b233379fe881615663bb8541a3984ad01b722123f920a83,false,https://www.vonwobeser.com/images/PDF/2020/202005_ABA_Issue57vf_EG.pdf,,legacy_id,f81286f4-9f42-45e9-88e0-b4bf0eb0fe36,legal-consequences-for-the-mexican-energy-sector-due-to-covid-19,1287,true,2020-05-01,match,match,match,different,not_applicable,match,correcto,1,match,https://www.vonwobeser.com/news/legal-consequences-for-the-mexican-energy-sector-due-to-covid-19?lang=en,true,true,0,CONTENT_DIFFERENT
en:863,en,863,864,https://www.vonwobeser.com/index.php/publications/articles?start=60,https://www.vonwobeser.com/index.php/publication?p_id=863,200,https://www.vonwobeser.com/index.php/publication?p_id=863,"December, 2017",2017-12,month,Von Wobeser y Sierra - Adrián Magallanes- Getting the Deal Through- Class Actions 2018: México Chapter,"Von Wobeser y Sierra S.C. es una de las principales firmas de derecho mexicano que ofrece soluciones legales de servicio completo. Se compone de más de 30 diferentes áreas de práctica, incluyendo escritorios especializados con una lista fuerte de clientes internacionales y nacionales.",,,,,Adrián Magallanes- Getting the Deal Through- Class Actions 2018: México Chapter,div,6e6bd717a2eceabdadadc76b009fac41959abce7b8e5757cb306765ccb8954f7,228ccc0bc6647733c7eaa70384e0f959e1cfcf2a518ca659ec9608fc58f6cc36,false,https://www.vonwobeser.com/images/PDF_news/PDF_articles/2017/Class-Actions-2018Mexico.pdf,https://www.vonwobeser.com/index.php/lawyer?l=148,legacy_id,74a116e1-fed5-4462-8d42-2e19f83df7e3,adrian-magallanes-getting-the-deal-through-class-actions-2018-mexico-chapter,863,true,2017-12-01,match,match,match,different,not_applicable,match,correcto,1,match,https://www.vonwobeser.com/news/adrian-magallanes-getting-the-deal-through-class-actions-2018-mexico-chapter?lang=en,true,true,0,CONTENT_DIFFERENT
en:804,en,804,805,https://www.vonwobeser.com/index.php/publications/articles?start=60,https://www.vonwobeser.com/index.php/publication?p_id=804,200,https://www.vonwobeser.com/index.php/publication?p_id=804,"September, 2017",2017-09,month,Von Wobeser y Sierra - Fernando Carreño - Euromoney: Mexican M&A shrugs off the Trump slump,"Von Wobeser y Sierra S.C. es una de las principales firmas de derecho mexicano que ofrece soluciones legales de servicio completo. Se compone de más de 30 diferentes áreas de práctica, incluyendo escritorios especializados con una lista fuerte de clientes internacionales y nacionales.",,,,,Fernando Carreño - Euromoney: Mexican M&A shrugs off the Trump slump,div,5de727d87aa79c362e8014458748917a09f9ca544df0ebe7112796e3ab7537d6,06e38c842e70d734a040869611deea0e55ea9a51f64dc961bff1424da93d84bf,false,https://www.vonwobeser.com/images/PDF_news/2017/Mexican-MA-shrugs-off-the-Trump-slump-_-Euromoney.pdf,https://www.vonwobeser.com/index.php/lawyer?l=145 | https://www.euromoney.com/article/b14x1dch0gwn9v/mexican-mampa-shrugs-off-the-trump-slump,legacy_id,657a092c-94cc-4a60-9d39-43f3d4e551fc,fernando-carreno-euromoney-mexican-m-a-shrugs-off-the-trump-slump,804,true,2017-09-01,match,match,match,different,not_applicable,match,correcto,1,match,https://www.vonwobeser.com/news/fernando-carreno-euromoney-mexican-m-a-shrugs-off-the-trump-slump?lang=en,true,true,0,CONTENT_DIFFERENT
en:318,en,318,319,https://www.vonwobeser.com/index.php/publications/articles?start=90,https://www.vonwobeser.com/index.php/publication?p_id=318,200,https://www.vonwobeser.com/index.php/publication?p_id=318,"October, 2014",2014-10,month,"Von Wobeser y Sierra - Rodolfo Trampe, Jorge Diaz, Luis Alberto King , Fernando de Buen - Getting the Deal Through, Outsourcing Mexico 2015, October 2014","Von Wobeser y Sierra S.C. es una de las principales firmas de derecho mexicano que ofrece soluciones legales de servicio completo. Se compone de más de 30 diferentes áreas de práctica, incluyendo escritorios especializados con una lista fuerte de clientes internacionales y nacionales.",,,,,"Rodolfo Trampe, Jorge Diaz, Luis Alberto King , Fernando de Buen - Getting the Deal Through, Outsourcing Mexico 2015, October 2014",div,4521ba315bdd63b9cf6b33a67e6ca15d8b0d48d1f7cdf53753fd4f67416981b3,e3b0c44298fc1c149afbf4c8996fb92427ae41e4649b934ca495991b7852b855,false,https://www.vonwobeser.com/images/PDF_news/PDF_articles/2014/201410GTDTMexicoOutsourcing.pdf,,verified_language_counterpart,18f7ef4c-2837-481e-a39a-71a56aba4c83,rodolfo-trampe-jorge-diaz-luis-alberto-king-fernando-de-buen-getting-the-deal-th-4,319,true,2014-10-01,match,similar,different,different,not_applicable,match,correcto,1,match,https://www.vonwobeser.com/news/rodolfo-trampe-jorge-diaz-luis-alberto-king-fernando-de-buen-getting-the-deal-th-4?lang=en,true,true,0,TITLE_SIMILAR | CONTENT_DIFFERENT
en:451,en,451,450,https://www.vonwobeser.com/index.php/publications/articles?start=130,https://www.vonwobeser.com/index.php/publication?p_id=451,200,https://www.vonwobeser.com/index.php/publication?p_id=451,"January, 2009",2009-01,month,Von Wobeser y Sierra - Claus Von Wobeser - Incorporation by Reference,"Von Wobeser y Sierra S.C. es una de las principales firmas de derecho mexicano que ofrece soluciones legales de servicio completo. Se compone de más de 30 diferentes áreas de práctica, incluyendo escritorios especializados con una lista fuerte de clientes internacionales y nacionales.",,,,,Claus Von Wobeser - Incorporation by Reference,div,991f4c36caf7e27b58b8ca459d475baa12d72f924c486711f68ef1cf1a2eee40,bf0eb66cf22bd684e6cc6affcfea641edc585057745096f3e2a54c5607f9ba91,false,https://www.vonwobeser.com/images/PDF_news/2015/PAUTA-58-CVW.pdf,https://www.vonwobeser.com/index.php/lawyer?l=134,legacy_id,95f1a1f1-e816-4abe-968e-88b5e6c24036,claus-von-wobeser-incorporation-by-reference,451,true,2009-01-01,match,match,similar,different,not_applicable,match,correcto,1,match,https://www.vonwobeser.com/news/claus-von-wobeser-incorporation-by-reference?lang=en,true,true,0,CONTENT_DIFFERENT
en:812,en,812,813,https://www.vonwobeser.com/index.php/publications/articles?start=130,https://www.vonwobeser.com/index.php/publication?p_id=812,200,https://www.vonwobeser.com/index.php/publication?p_id=812,"December, 2007",2007-12,month,"Von Wobeser y Sierra - Luis Burgueño , Patrick Meshoulam , Luis Alberto Pérez - Mexico Takes Two Major Steps Towards Telecommunications Convergence","Von Wobeser y Sierra S.C. es una de las principales firmas de derecho mexicano que ofrece soluciones legales de servicio completo. Se compone de más de 30 diferentes áreas de práctica, incluyendo escritorios especializados con una lista fuerte de clientes internacionales y nacionales.",,,,,"Luis Burgueño , Patrick Meshoulam , Luis Alberto Pérez - Mexico Takes Two Major Steps Towards Telecommunications Convergence",div,188168fa445ec3a6601e21e65fadfd922f0b694a4b71f2c1225713c6b82a292c,b180257461969dd00de8dfcfa7b511098c9bcfc1f2004bffb23df12653bdef96,false,https://www.vonwobeser.com/images/PDF_news/PDF_articles/2017/5-GCR-LBC-Mexico-takes-2-major-steps-2007-37-Mexico-telecoms.pdf,https://www.vonwobeser.com/index.php/lawyer?l=141,legacy_id,4ded4cdb-2c36-4fd7-a12b-1b5e21f40fdd,luis-burgueno-patrick-meshoulam-luis-alberto-perez-mexico-takes-two-major-steps-,812,true,2007-12-01,match,match,match,different,not_applicable,match,correcto,1,match,https://www.vonwobeser.com/news/luis-burgueno-patrick-meshoulam-luis-alberto-perez-mexico-takes-two-major-steps-?lang=en,true,true,0,CONTENT_DIFFERENT
en:464,en,464,463,https://www.vonwobeser.com/index.php/publications/articles?start=130,https://www.vonwobeser.com/index.php/publication?p_id=464,200,https://www.vonwobeser.com/index.php/publication?p_id=464,"November, 2006",2006-11,month,Von Wobeser y Sierra - Alberto Muerza - On the Constitutional and Legal Problems of Amparo Judgments Performance,"Von Wobeser y Sierra S.C. es una de las principales firmas de derecho mexicano que ofrece soluciones legales de servicio completo. Se compone de más de 30 diferentes áreas de práctica, incluyendo escritorios especializados con una lista fuerte de clientes internacionales y nacionales.",,,,,Alberto Muerza - On the Constitutional and Legal Problems of Amparo Judgments Performance,div,b795dda57eccda0611008a23dafb3f6b4217712d5ea7547b39a4bf2c3ec8fd69,88490049131b36358336a4d6bbe9a5675fd4ec47826cc487d842d5ceaf1cd7af,false,https://www.vonwobeser.com/images/PDF_news/2015/Muerza---cumplimiento-sentencias-amparo.pdf,,legacy_id,6b9d8f07-7768-47e3-9c82-6a0f5589a32d,alberto-muerza-on-the-constitutional-and-legal-problems-of-amparo-judgments-perf,464,true,2006-11-01,match,match,similar,different,not_applicable,match,correcto,1,match,https://www.vonwobeser.com/news/alberto-muerza-on-the-constitutional-and-legal-problems-of-amparo-judgments-perf?lang=en,true,true,0,CONTENT_DIFFERENT
en:1566,en,1566,1567,https://www.vonwobeser.com/index.php/publications/articles?start=140,https://www.vonwobeser.com/index.php/publication?p_id=1566,200,https://www.vonwobeser.com/index.php/publication?p_id=1566,"May, 2005",2005-05,month,"Von Wobeser y Sierra - Pablo Jiménez – Stanford Law School - Reshaping Fiduciary Duties in Mexico: A Step Towards Functionality, 2005","Von Wobeser y Sierra S.C. es una de las principales firmas de derecho mexicano que ofrece soluciones legales de servicio completo. Se compone de más de 30 diferentes áreas de práctica, incluyendo escritorios especializados con una lista fuerte de clientes internacionales y nacionales.",,,,,"Pablo Jiménez – Stanford Law School - Reshaping Fiduciary Duties in Mexico: A Step Towards Functionality, 2005",div,18be2e1b9443c0edb36a26c778eb30dc5564211156ca02dc7f68c02afd0442ad,fca727abf686fdf7bb35aceffeedd679a3f9cd23e8e71dd76a057b1ca3102dd7,false,https://www.vonwobeser.com/images/PDF_news/PDF_articles/2021/7-Stanford-Law-School.pdf,https://www.vonwobeser.com/index.php/lawyer?l=323 | https://law.stanford.edu/publications/reshaping-fiduciary-duties-in-mexico-a-step-towards-functionality/,legacy_id,5bcd3c8e-a38a-43a5-9e35-456fceea774c,pablo-jimenez-stanford-law-school-reshaping-fiduciary-duties-in-mexico-a-step-to,1566,true,2005-05-01,match,match,match,different,not_applicable,match,correcto,1,match,https://www.vonwobeser.com/news/pablo-jimenez-stanford-law-school-reshaping-fiduciary-duties-in-mexico-a-step-to?lang=en,true,true,0,CONTENT_DIFFERENT
en:1560,en,1560,1561,https://www.vonwobeser.com/index.php/publications/articles?start=140,https://www.vonwobeser.com/index.php/publication?p_id=1560,200,https://www.vonwobeser.com/index.php/publication?p_id=1560,"January, 2004",2004-01,month,"Von Wobeser y Sierra - Pablo Jiménez - Editorial Porrúa - Takeover Bids, 2004","Von Wobeser y Sierra S.C. es una de las principales firmas de derecho mexicano que ofrece soluciones legales de servicio completo. Se compone de más de 30 diferentes áreas de práctica, incluyendo escritorios especializados con una lista fuerte de clientes internacionales y nacionales.",,,,,"Pablo Jiménez - Editorial Porrúa - Takeover Bids, 2004",div,70d921db9c86c41844c23ef094aa408af78f26468dcf0c924d71994029f61421,0434d3bef0d32a5fe3ecf43812b92e452dff4106831cc7e6bbfa718c7748cda9,false,,https://www.vonwobeser.com/index.php/lawyer?l=323 | https://www.amazon.com/OFERTAS-PUBLICAS-ADQUISICION-JIMENEZ-ZORRILLA/dp/9700751228,legacy_id,a0700d66-e0fc-42ef-9b62-e13375240828,pablo-jimenez-editorial-porrua-takeover-bids-2004,1560,true,2004-01-01,match,match,match,different,not_applicable,match,correcto,1,match,https://www.vonwobeser.com/news/pablo-jimenez-editorial-porrua-takeover-bids-2004?lang=en,true,true,0,CONTENT_DIFFERENT
