ID oficial,Abogado,Cargo oficial ES,Cargo Replit ES,Estado,Hallazgos,Oficial ES,Estado oficial ES,Oficial EN,Estado oficial EN,Replit ES,Estado Replit ES,Replit EN,Estado Replit EN
141,Luis Burgueño,Socio,Socio,Coincide,,https://www.vonwobeser.com/index.php/abogado?l=141,Correcto,https://www.vonwobeser.com/index.php/lawyer?l=141,Correcto,https://webpage-von-wobeser-2026.replit.app/abogado/luis-burgueno,Correcto,https://webpage-von-wobeser-2026.replit.app/lawyer/luis-burgueno?lang=en,Correcto
143,Luis Miguel Jiménez,Socio,Socio,Coincide,,https://www.vonwobeser.com/index.php/abogado?l=143,Correcto,https://www.vonwobeser.com/index.php/lawyer?l=143,Correcto,https://webpage-von-wobeser-2026.replit.app/abogado/luis-miguel-jimenez,Correcto,https://webpage-von-wobeser-2026.replit.app/lawyer/luis-miguel-jimenez?lang=en,Correcto
144,Rupert Hüttler,Socio,Socio,Coincide,,https://www.vonwobeser.com/index.php/abogado?l=144,Correcto,https://www.vonwobeser.com/index.php/lawyer?l=144,Correcto,https://webpage-von-wobeser-2026.replit.app/abogado/rupert-huttler,Correcto,https://webpage-von-wobeser-2026.replit.app/lawyer/rupert-huttler?lang=en,Correcto
145,Fernando Carreño,Socio,Socio,Coincide,,https://www.vonwobeser.com/index.php/abogado?l=145,Correcto,https://www.vonwobeser.com/index.php/lawyer?l=145,Correcto,https://webpage-von-wobeser-2026.replit.app/abogado/fernando-carreno,Correcto,https://webpage-von-wobeser-2026.replit.app/lawyer/fernando-carreno?lang=en,Correcto
147,Edmond Frederic Grieger,Socio,Socio,Coincide,,https://www.vonwobeser.com/index.php/abogado?l=147,Correcto,https://www.vonwobeser.com/index.php/lawyer?l=147,Correcto,https://webpage-von-wobeser-2026.replit.app/abogado/edmond-grieger,Correcto,https://webpage-von-wobeser-2026.replit.app/lawyer/edmond-grieger?lang=en,Correcto
148,Adrián Magallanes,Socio,Socio,Coincide,,https://www.vonwobeser.com/index.php/abogado?l=148,Correcto,https://www.vonwobeser.com/index.php/lawyer?l=148,Correcto,https://webpage-von-wobeser-2026.replit.app/abogado/adrian-magallanes,Correcto,https://webpage-von-wobeser-2026.replit.app/lawyer/adrian-magallanes?lang=en,Correcto
149,Diego Sierra,Socio,Socio,Coincide,,https://www.vonwobeser.com/index.php/abogado?l=149,Correcto,https://www.vonwobeser.com/index.php/lawyer?l=149,Correcto,https://webpage-von-wobeser-2026.replit.app/abogado/diego-sierra,Correcto,https://webpage-von-wobeser-2026.replit.app/lawyer/diego-sierra?lang=en,Correcto
175,Montserrat Manzano,Socio,Socio,Coincide,,https://www.vonwobeser.com/index.php/abogado?l=175,Correcto,https://www.vonwobeser.com/index.php/lawyer?l=175,Correcto,https://webpage-von-wobeser-2026.replit.app/abogado/montserrat-manzano,Correcto,https://webpage-von-wobeser-2026.replit.app/lawyer/montserrat-manzano?lang=en,Correcto
189,Pablo Saez Williams,Socio,Socio,Coincide,,https://www.vonwobeser.com/index.php/abogado?l=189,Correcto,https://www.vonwobeser.com/index.php/lawyer?l=189,Correcto,https://webpage-von-wobeser-2026.replit.app/abogado/pablo-saez-williams,Correcto,https://webpage-von-wobeser-2026.replit.app/lawyer/pablo-saez-williams?lang=en,Correcto
168,Patricia Kaim,Socio,Socio,Coincide,,https://www.vonwobeser.com/index.php/abogado?l=168,Correcto,https://www.vonwobeser.com/index.php/lawyer?l=168,Correcto,https://webpage-von-wobeser-2026.replit.app/abogado/patricia-kaim,Correcto,https://webpage-von-wobeser-2026.replit.app/lawyer/patricia-kaim?lang=en,Correcto
160,Alberto Córdoba,Socio,Socio,Coincide,,https://www.vonwobeser.com/index.php/abogado?l=160,Correcto,https://www.vonwobeser.com/index.php/lawyer?l=160,Correcto,https://webpage-von-wobeser-2026.replit.app/abogado/alberto-cordoba,Correcto,https://webpage-von-wobeser-2026.replit.app/lawyer/alberto-cordoba?lang=en,Correcto
195,Raymundo Soberanis,Socio,Socio,Coincide,,https://www.vonwobeser.com/index.php/abogado?l=195,Correcto,https://www.vonwobeser.com/index.php/lawyer?l=195,Correcto,https://webpage-von-wobeser-2026.replit.app/abogado/raymundo-soberanis,Correcto,https://webpage-von-wobeser-2026.replit.app/lawyer/raymundo-soberanis?lang=en,Correcto
323,Pablo Jiménez,Socio,Socio,Coincide,,https://www.vonwobeser.com/index.php/abogado?l=323,Correcto,https://www.vonwobeser.com/index.php/lawyer?l=323,Correcto,https://webpage-von-wobeser-2026.replit.app/abogado/pablo-jimenez,Correcto,https://webpage-von-wobeser-2026.replit.app/lawyer/pablo-jimenez?lang=en,Correcto
165,Pablo Fautsch,Socio,Socio,Coincide,,https://www.vonwobeser.com/index.php/abogado?l=165,Correcto,https://www.vonwobeser.com/index.php/lawyer?l=165,Correcto,https://webpage-von-wobeser-2026.replit.app/abogado/pablo-fautsch,Correcto,https://webpage-von-wobeser-2026.replit.app/lawyer/pablo-fautsch?lang=en,Correcto
186,Jessika Rocha,Socio,Socio,Coincide,,https://www.vonwobeser.com/index.php/abogado?l=186,Correcto,https://www.vonwobeser.com/index.php/lawyer?l=186,Correcto,https://webpage-von-wobeser-2026.replit.app/abogado/jessika-rocha,Correcto,https://webpage-von-wobeser-2026.replit.app/lawyer/jessika-rocha?lang=en,Correcto
224,Ariel Garfio,Socio,Socio,Coincide,,https://www.vonwobeser.com/index.php/abogado?l=224,Correcto,https://www.vonwobeser.com/index.php/lawyer?l=224,Correcto,https://webpage-von-wobeser-2026.replit.app/abogado/ariel-garfio,Correcto,https://webpage-von-wobeser-2026.replit.app/lawyer/ariel-garfio?lang=en,Correcto
355,Rafael Vallejo,Socio,Socio,Coincide,,https://www.vonwobeser.com/index.php/abogado?l=355,Correcto,https://www.vonwobeser.com/index.php/lawyer?l=355,Correcto,https://webpage-von-wobeser-2026.replit.app/abogado/rafael-vallejo,Correcto,https://webpage-von-wobeser-2026.replit.app/lawyer/rafael-vallejo?lang=en,Correcto
187,Katharina Roehr,Socio,Socio,Coincide,,https://www.vonwobeser.com/index.php/abogado?l=187,Correcto,https://www.vonwobeser.com/index.php/lawyer?l=187,Correcto,https://webpage-von-wobeser-2026.replit.app/abogado/katharina-roehr,Correcto,https://webpage-von-wobeser-2026.replit.app/lawyer/katharina-roehr?lang=en,Correcto
366,Sergio López,Socio,Socio,Coincide,,https://www.vonwobeser.com/index.php/abogado?l=366,Correcto,https://www.vonwobeser.com/index.php/lawyer?l=366,Correcto,https://webpage-von-wobeser-2026.replit.app/abogado/sergio-lopez,Correcto,https://webpage-von-wobeser-2026.replit.app/lawyer/sergio-lopez?lang=en,Correcto
367,Alejandro Torres,Socio,Socio,Coincide,,https://www.vonwobeser.com/index.php/abogado?l=367,Correcto,https://www.vonwobeser.com/index.php/lawyer?l=367,Correcto,https://webpage-von-wobeser-2026.replit.app/abogado/alejandro-torres,Correcto,https://webpage-von-wobeser-2026.replit.app/lawyer/alejandro-torres?lang=en,Correcto
253,Javier Betancourt,Socio,Socio,Coincide,,https://www.vonwobeser.com/index.php/abogado?l=253,Correcto,https://www.vonwobeser.com/index.php/lawyer?l=253,Correcto,https://webpage-von-wobeser-2026.replit.app/abogado/javier-betancourt,Correcto,https://webpage-von-wobeser-2026.replit.app/lawyer/javier-betancourt?lang=en,Correcto
356,Adrián Castillo,Socio,Socio,Coincide,,https://www.vonwobeser.com/index.php/abogado?l=356,Correcto,https://www.vonwobeser.com/index.php/lawyer?l=356,Correcto,https://webpage-von-wobeser-2026.replit.app/abogado/adrian-castillo,Correcto,https://webpage-von-wobeser-2026.replit.app/lawyer/adrian-castillo?lang=en,Correcto
155,Rodrigo Barradas,Socio,Socio,Coincide,,https://www.vonwobeser.com/index.php/abogado?l=155,Correcto,https://www.vonwobeser.com/index.php/lawyer?l=155,Correcto,https://webpage-von-wobeser-2026.replit.app/abogado/rodrigo-barradas,Correcto,https://webpage-von-wobeser-2026.replit.app/lawyer/rodrigo-barradas?lang=en,Correcto
291,Michel Llorens,Socio,Socio,Coincide,,https://www.vonwobeser.com/index.php/abogado?l=291,Correcto,https://www.vonwobeser.com/index.php/lawyer?l=291,Correcto,https://webpage-von-wobeser-2026.replit.app/abogado/michel-llorens,Correcto,https://webpage-von-wobeser-2026.replit.app/lawyer/michel-llorens?lang=en,Correcto
368,Luis Enrique Torres,Socio,Socio,Coincide,,https://www.vonwobeser.com/index.php/abogado?l=368,Correcto,https://www.vonwobeser.com/index.php/lawyer?l=368,Correcto,https://webpage-von-wobeser-2026.replit.app/abogado/luis-enrique-torres,Correcto,https://webpage-von-wobeser-2026.replit.app/lawyer/luis-enrique-torres?lang=en,Correcto
396,Ricardo Cacho,Socio,Socio,Coincide,,https://www.vonwobeser.com/index.php/abogado?l=396,Correcto,https://www.vonwobeser.com/index.php/lawyer?l=396,Correcto,https://webpage-von-wobeser-2026.replit.app/abogado/ricardo-cacho,Correcto,https://webpage-von-wobeser-2026.replit.app/lawyer/ricardo-cacho?lang=en,Correcto
134,Claus von Wobeser,Of counsel,Of Counsel,Coincide,,https://www.vonwobeser.com/index.php/abogado?l=134,Correcto,https://www.vonwobeser.com/index.php/lawyer?l=134,Correcto,https://webpage-von-wobeser-2026.replit.app/abogado/claus-von-wobeser,Correcto,https://webpage-von-wobeser-2026.replit.app/lawyer/claus-von-wobeser?lang=en,Correcto
152,Edmund Duckwitz,Of counsel,Of Counsel,Coincide,,https://www.vonwobeser.com/index.php/abogado?l=152,Correcto,https://www.vonwobeser.com/index.php/lawyer?l=152,Correcto,https://webpage-von-wobeser-2026.replit.app/abogado/edmund-duckwitz,Correcto,https://webpage-von-wobeser-2026.replit.app/lawyer/edmund-duckwitz?lang=en,Correcto
135,Javier Lizardi,Of counsel,Of Counsel,Coincide,,https://www.vonwobeser.com/index.php/abogado?l=135,Correcto,https://www.vonwobeser.com/index.php/lawyer?l=135,Correcto,https://webpage-von-wobeser-2026.replit.app/abogado/javier-lizardi,Correcto,https://webpage-von-wobeser-2026.replit.app/lawyer/javier-lizardi?lang=en,Correcto
304,Margarita Beatriz Luna Ramos,Of counsel,Of Counsel,Coincide,,https://www.vonwobeser.com/index.php/abogado?l=304,Correcto,https://www.vonwobeser.com/index.php/lawyer?l=304,Correcto,https://webpage-von-wobeser-2026.replit.app/abogado/margarita-beatriz-luna-ramos,Correcto,https://webpage-von-wobeser-2026.replit.app/lawyer/margarita-beatriz-luna-ramos?lang=en,Correcto
140,Fernando Moreno,Of counsel,Of Counsel,Coincide,,https://www.vonwobeser.com/index.php/abogado?l=140,Correcto,https://www.vonwobeser.com/index.php/lawyer?l=140,Correcto,https://webpage-von-wobeser-2026.replit.app/abogado/fernando-moreno,Correcto,https://webpage-von-wobeser-2026.replit.app/lawyer/fernando-moreno?lang=en,Correcto
151,Guillermo I. Ortiz Mayagoitia,Of counsel,Of Counsel,Coincide,,https://www.vonwobeser.com/index.php/abogado?l=151,Correcto,https://www.vonwobeser.com/index.php/lawyer?l=151,Correcto,https://webpage-von-wobeser-2026.replit.app/abogado/guillermo-i-ortiz-mayagoitia,Correcto,https://webpage-von-wobeser-2026.replit.app/lawyer/guillermo-i-ortiz-mayagoitia?lang=en,Correcto
444,Marcela Calderón,Counsel,Consejero,Coincide,,https://www.vonwobeser.com/index.php/abogado?l=444,Correcto,https://www.vonwobeser.com/index.php/lawyer?l=444,Correcto,https://webpage-von-wobeser-2026.replit.app/abogado/marcela-calderon,Correcto,https://webpage-von-wobeser-2026.replit.app/lawyer/marcela-calderon?lang=en,Correcto
348,Carlos López Córdova,Counsel,Consejero,Coincide,,https://www.vonwobeser.com/index.php/abogado?l=348,Correcto,https://www.vonwobeser.com/index.php/lawyer?l=348,Correcto,https://webpage-von-wobeser-2026.replit.app/abogado/carlos-lopez-cordova,Correcto,https://webpage-von-wobeser-2026.replit.app/lawyer/carlos-lopez-cordova?lang=en,Correcto
179,César Martínez,Counsel,Consejero,Coincide,,https://www.vonwobeser.com/index.php/abogado?l=179,Correcto,https://www.vonwobeser.com/index.php/lawyer?l=179,Correcto,https://webpage-von-wobeser-2026.replit.app/abogado/cesar-martinez,Correcto,https://webpage-von-wobeser-2026.replit.app/lawyer/cesar-martinez?lang=en,Correcto
178,Gloria Martínez,Counsel,Consejero,Coincide,,https://www.vonwobeser.com/index.php/abogado?l=178,Correcto,https://www.vonwobeser.com/index.php/lawyer?l=178,Correcto,https://webpage-von-wobeser-2026.replit.app/abogado/gloria-martinez,Correcto,https://webpage-von-wobeser-2026.replit.app/lawyer/gloria-martinez?lang=en,Correcto
218,Manuel Martínez,Counsel,Consejero,Coincide,,https://www.vonwobeser.com/index.php/abogado?l=218,Correcto,https://www.vonwobeser.com/index.php/lawyer?l=218,Correcto,https://webpage-von-wobeser-2026.replit.app/abogado/manuel-martinez,Correcto,https://webpage-von-wobeser-2026.replit.app/lawyer/manuel-martinez?lang=en,Correcto
321,Jaime Ostos,Counsel,Consejero,Coincide,,https://www.vonwobeser.com/index.php/abogado?l=321,Correcto,https://www.vonwobeser.com/index.php/lawyer?l=321,Correcto,https://webpage-von-wobeser-2026.replit.app/abogado/jaime-ostos,Correcto,https://webpage-von-wobeser-2026.replit.app/lawyer/jaime-ostos?lang=en,Correcto
417,Eric Palacios,Counsel,Consejero,Coincide,,https://www.vonwobeser.com/index.php/abogado?l=417,Correcto,https://www.vonwobeser.com/index.php/lawyer?l=417,Correcto,https://webpage-von-wobeser-2026.replit.app/abogado/eric-palacios,Correcto,https://webpage-von-wobeser-2026.replit.app/lawyer/eric-palacios?lang=en,Correcto
330,Enrique Riquelme,Counsel,Consejero,Coincide,,https://www.vonwobeser.com/index.php/abogado?l=330,Correcto,https://www.vonwobeser.com/index.php/lawyer?l=330,Correcto,https://webpage-von-wobeser-2026.replit.app/abogado/enrique-riquelme,Correcto,https://webpage-von-wobeser-2026.replit.app/lawyer/enrique-riquelme?lang=en,Correcto
190,Lourdes Salazar y Vera,Counsel,Consejero,Coincide,,https://www.vonwobeser.com/index.php/abogado?l=190,Correcto,https://www.vonwobeser.com/index.php/lawyer?l=190,Correcto,https://webpage-von-wobeser-2026.replit.app/abogado/lourdes-salazar-y-vera,Correcto,https://webpage-von-wobeser-2026.replit.app/lawyer/lourdes-salazar-y-vera?lang=en,Correcto
410,Pablo Aceves,Asociado,Asociado,Coincide,,https://www.vonwobeser.com/index.php/abogado?l=410,Correcto,https://www.vonwobeser.com/index.php/lawyer?l=410,Correcto,https://webpage-von-wobeser-2026.replit.app/abogado/pablo-aceves,Correcto,https://webpage-von-wobeser-2026.replit.app/lawyer/pablo-aceves?lang=en,Correcto
415,Sofía Alcántara,Asociado,Asociado,Coincide,,https://www.vonwobeser.com/index.php/abogado?l=415,Correcto,https://www.vonwobeser.com/index.php/lawyer?l=415,Correcto,https://webpage-von-wobeser-2026.replit.app/abogado/sofia-alcantara,Correcto,https://webpage-von-wobeser-2026.replit.app/lawyer/sofia-alcantara?lang=en,Correcto
405,Ana Alpízar,Asociado,Asociado,Coincide,,https://www.vonwobeser.com/index.php/abogado?l=405,Correcto,https://www.vonwobeser.com/index.php/lawyer?l=405,Correcto,https://webpage-von-wobeser-2026.replit.app/abogado/ana-alpizar,Correcto,https://webpage-von-wobeser-2026.replit.app/lawyer/ana-alpizar?lang=en,Correcto
432,Diego Altamirano,Asociado,Asociado,Revisar diferencias,education,https://www.vonwobeser.com/index.php/abogado?l=432,Correcto,https://www.vonwobeser.com/index.php/lawyer?l=432,Correcto,https://webpage-von-wobeser-2026.replit.app/abogado/diego-altamirano,Correcto,https://webpage-von-wobeser-2026.replit.app/lawyer/diego-altamirano?lang=en,Correcto
350,Daniel Araujo,Asociado,Asociado,Coincide,,https://www.vonwobeser.com/index.php/abogado?l=350,Correcto,https://www.vonwobeser.com/index.php/lawyer?l=350,Correcto,https://webpage-von-wobeser-2026.replit.app/abogado/daniel-araujo,Correcto,https://webpage-von-wobeser-2026.replit.app/lawyer/daniel-araujo?lang=en,Correcto
349,Alejandra Arizpe,Asociado,Asociado,Coincide,,https://www.vonwobeser.com/index.php/abogado?l=349,Correcto,https://www.vonwobeser.com/index.php/lawyer?l=349,Correcto,https://webpage-von-wobeser-2026.replit.app/abogado/alejandra-arizpe,Correcto,https://webpage-von-wobeser-2026.replit.app/lawyer/alejandra-arizpe?lang=en,Correcto
452,Alejandro Avila,Asociado,Asociado,Coincide,,https://www.vonwobeser.com/index.php/abogado?l=452,Correcto,https://www.vonwobeser.com/index.php/lawyer?l=452,Correcto,https://webpage-von-wobeser-2026.replit.app/abogado/alejandro-avila,Correcto,https://webpage-von-wobeser-2026.replit.app/lawyer/alejandro-avila?lang=en,Correcto
251,Alexander Barnes,Asociado,Asociado,Coincide,,https://www.vonwobeser.com/index.php/abogado?l=251,Correcto,https://www.vonwobeser.com/index.php/lawyer?l=251,Correcto,https://webpage-von-wobeser-2026.replit.app/abogado/alexander-barnes,Correcto,https://webpage-von-wobeser-2026.replit.app/lawyer/alexander-barnes?lang=en,Correcto
156,Juan Francisco Barrera,Asociado,Asociado,Coincide,,https://www.vonwobeser.com/index.php/abogado?l=156,Correcto,https://www.vonwobeser.com/index.php/lawyer?l=156,Correcto,https://webpage-von-wobeser-2026.replit.app/abogado/juan-francisco-barrera,Correcto,https://webpage-von-wobeser-2026.replit.app/lawyer/juan-francisco-barrera?lang=en,Correcto
394,Julieta Béjar,Asociado,Asociado,Coincide,,https://www.vonwobeser.com/index.php/abogado?l=394,Correcto,https://www.vonwobeser.com/index.php/lawyer?l=394,Correcto,https://webpage-von-wobeser-2026.replit.app/abogado/julieta-bejar,Correcto,https://webpage-von-wobeser-2026.replit.app/lawyer/julieta-bejar?lang=en,Correcto
232,Diego Benítez,Asociado,Asociado,Coincide,,https://www.vonwobeser.com/index.php/abogado?l=232,Correcto,https://www.vonwobeser.com/index.php/lawyer?l=232,Correcto,https://webpage-von-wobeser-2026.replit.app/abogado/diego-benitez,Correcto,https://webpage-von-wobeser-2026.replit.app/lawyer/diego-benitez?lang=en,Correcto
420,Edmundo Berumen,Asociado,Asociado,Coincide,,https://www.vonwobeser.com/index.php/abogado?l=420,Correcto,https://www.vonwobeser.com/index.php/lawyer?l=420,Correcto,https://webpage-von-wobeser-2026.replit.app/abogado/edmundo-berumen,Correcto,https://webpage-von-wobeser-2026.replit.app/lawyer/edmundo-berumen?lang=en,Correcto
157,Anna-Maria Brandstädter,Asociado,Asociado,Coincide,,https://www.vonwobeser.com/index.php/abogado?l=157,Correcto,https://www.vonwobeser.com/index.php/lawyer?l=157,Correcto,https://webpage-von-wobeser-2026.replit.app/abogado/anna-maria-brandstadter,Correcto,https://webpage-von-wobeser-2026.replit.app/lawyer/anna-maria-brandstadter?lang=en,Correcto
235,Carolina Camacho,Asociado,Asociado,Coincide,,https://www.vonwobeser.com/index.php/abogado?l=235,Correcto,https://www.vonwobeser.com/index.php/lawyer?l=235,Correcto,https://webpage-von-wobeser-2026.replit.app/abogado/carolina-camacho,Correcto,https://webpage-von-wobeser-2026.replit.app/lawyer/carolina-camacho?lang=en,Correcto
401,Regina Castillo,Asociado,Asociado,Coincide,,https://www.vonwobeser.com/index.php/abogado?l=401,Correcto,https://www.vonwobeser.com/index.php/lawyer?l=401,Correcto,https://webpage-von-wobeser-2026.replit.app/abogado/regina-castillo,Correcto,https://webpage-von-wobeser-2026.replit.app/lawyer/regina-castillo?lang=en,Correcto
439,Carlos Cázares,Asociado,Asociado,Coincide,,https://www.vonwobeser.com/index.php/abogado?l=439,Correcto,https://www.vonwobeser.com/index.php/lawyer?l=439,Correcto,https://webpage-von-wobeser-2026.replit.app/abogado/carlos-cazares,Correcto,https://webpage-von-wobeser-2026.replit.app/lawyer/carlos-cazares?lang=en,Correcto
404,Carlos Cevallos,Asociado,Asociado,Coincide,,https://www.vonwobeser.com/index.php/abogado?l=404,Correcto,https://www.vonwobeser.com/index.php/lawyer?l=404,Correcto,https://webpage-von-wobeser-2026.replit.app/abogado/carlos-cevallos,Correcto,https://webpage-von-wobeser-2026.replit.app/lawyer/carlos-cevallos?lang=en,Correcto
435,Raúl Chaidez,Asociado,Asociado,Coincide,,https://www.vonwobeser.com/index.php/abogado?l=435,Correcto,https://www.vonwobeser.com/index.php/lawyer?l=435,Correcto,https://webpage-von-wobeser-2026.replit.app/abogado/raul-chaidez,Correcto,https://webpage-von-wobeser-2026.replit.app/lawyer/raul-chaidez?lang=en,Correcto
454,Miguel Ángel Chinchilla,Asociado,Asociado,Coincide,,https://www.vonwobeser.com/index.php/abogado?l=454,Correcto,https://www.vonwobeser.com/index.php/lawyer?l=454,Correcto,https://webpage-von-wobeser-2026.replit.app/abogado/miguel-angel-chinchilla,Correcto,https://webpage-von-wobeser-2026.replit.app/lawyer/miguel-angel-chinchilla?lang=en,Correcto
249,Eugenio Chinchillas,Asociado,Asociado,Coincide,,https://www.vonwobeser.com/index.php/abogado?l=249,Correcto,https://www.vonwobeser.com/index.php/lawyer?l=249,Correcto,https://webpage-von-wobeser-2026.replit.app/abogado/eugenio-chinchillas,Correcto,https://webpage-von-wobeser-2026.replit.app/lawyer/eugenio-chinchillas?lang=en,Correcto
161,Virginia Cornett,Asociado,Asociado,Coincide,,https://www.vonwobeser.com/index.php/abogado?l=161,Correcto,https://www.vonwobeser.com/index.php/lawyer?l=161,Correcto,https://webpage-von-wobeser-2026.replit.app/abogado/virginia-cornett,Correcto,https://webpage-von-wobeser-2026.replit.app/lawyer/virginia-cornett?lang=en,Correcto
453,Patricio Cortina,Asociado,Asociado,Coincide,,https://www.vonwobeser.com/index.php/abogado?l=453,Correcto,https://www.vonwobeser.com/index.php/lawyer?l=453,Correcto,https://webpage-von-wobeser-2026.replit.app/abogado/patricio-cortina,Correcto,https://webpage-von-wobeser-2026.replit.app/lawyer/patricio-cortina?lang=en,Correcto
381,Melissa Cruz,Asociado,Asociado,Coincide,,https://www.vonwobeser.com/index.php/abogado?l=381,Correcto,https://www.vonwobeser.com/index.php/lawyer?l=381,Correcto,https://webpage-von-wobeser-2026.replit.app/abogado/melissa-cruz,Correcto,https://webpage-von-wobeser-2026.replit.app/lawyer/melissa-cruz?lang=en,Correcto
363,Víctor Delgado,Asociado,Asociado,Coincide,,https://www.vonwobeser.com/index.php/abogado?l=363,Correcto,https://www.vonwobeser.com/index.php/lawyer?l=363,Correcto,https://webpage-von-wobeser-2026.replit.app/abogado/victor-delgado,Correcto,https://webpage-von-wobeser-2026.replit.app/lawyer/victor-delgado?lang=en,Correcto
378,Joel Domínguez,Asociado,Asociado,Coincide,,https://www.vonwobeser.com/index.php/abogado?l=378,Correcto,https://www.vonwobeser.com/index.php/lawyer?l=378,Correcto,https://webpage-von-wobeser-2026.replit.app/abogado/joel-dominguez,Correcto,https://webpage-von-wobeser-2026.replit.app/lawyer/joel-dominguez?lang=en,Correcto
393,Eduardo Estrada,Asociado,Asociado,Coincide,,https://www.vonwobeser.com/index.php/abogado?l=393,Correcto,https://www.vonwobeser.com/index.php/lawyer?l=393,Correcto,https://webpage-von-wobeser-2026.replit.app/abogado/eduardo-estrada,Correcto,https://webpage-von-wobeser-2026.replit.app/lawyer/eduardo-estrada?lang=en,Correcto
440,David Fainsod,Asociado,Asociado,Coincide,,https://www.vonwobeser.com/index.php/abogado?l=440,Correcto,https://www.vonwobeser.com/index.php/lawyer?l=440,Correcto,https://webpage-von-wobeser-2026.replit.app/abogado/david-fainsod,Correcto,https://webpage-von-wobeser-2026.replit.app/lawyer/david-fainsod?lang=en,Correcto
441,Darío Figueroa,Asociado,Asociado,Coincide,,https://www.vonwobeser.com/index.php/abogado?l=441,Correcto,https://www.vonwobeser.com/index.php/lawyer?l=441,Correcto,https://webpage-von-wobeser-2026.replit.app/abogado/dario-figueroa,Correcto,https://webpage-von-wobeser-2026.replit.app/lawyer/dario-figueroa?lang=en,Correcto
248,Roberto Flores,Asociado,Asociado,Coincide,,https://www.vonwobeser.com/index.php/abogado?l=248,Correcto,https://www.vonwobeser.com/index.php/lawyer?l=248,Correcto,https://webpage-von-wobeser-2026.replit.app/abogado/roberto-flores,Correcto,https://webpage-von-wobeser-2026.replit.app/lawyer/roberto-flores?lang=en,Correcto
392,María García,Asociado,Asociado,Coincide,,https://www.vonwobeser.com/index.php/abogado?l=392,Correcto,https://www.vonwobeser.com/index.php/lawyer?l=392,Correcto,https://webpage-von-wobeser-2026.replit.app/abogado/maria-garcia,Correcto,https://webpage-von-wobeser-2026.replit.app/lawyer/maria-garcia?lang=en,Correcto
413,Montserrat García,Asociado,Asociado,Coincide,,https://www.vonwobeser.com/index.php/abogado?l=413,Correcto,https://www.vonwobeser.com/index.php/lawyer?l=413,Correcto,https://webpage-von-wobeser-2026.replit.app/abogado/montserrat-garcia,Correcto,https://webpage-von-wobeser-2026.replit.app/lawyer/montserrat-garcia?lang=en,Correcto
289,Rodrigo García,Asociado,Asociado,Coincide,,https://www.vonwobeser.com/index.php/abogado?l=289,Correcto,https://www.vonwobeser.com/index.php/lawyer?l=289,Correcto,https://webpage-von-wobeser-2026.replit.app/abogado/rodrigo-garcia,Correcto,https://webpage-von-wobeser-2026.replit.app/lawyer/rodrigo-garcia?lang=en,Correcto
387,Andoni Garza,Asociado,Asociado,Coincide,,https://www.vonwobeser.com/index.php/abogado?l=387,Correcto,https://www.vonwobeser.com/index.php/lawyer?l=387,Correcto,https://webpage-von-wobeser-2026.replit.app/abogado/andoni-garza,Correcto,https://webpage-von-wobeser-2026.replit.app/lawyer/andoni-garza?lang=en,Correcto
357,Sarah Gibert,Asociado,Asociado,Coincide,,https://www.vonwobeser.com/index.php/abogado?l=357,Correcto,https://www.vonwobeser.com/index.php/lawyer?l=357,Correcto,https://webpage-von-wobeser-2026.replit.app/abogado/sarah-gibert,Correcto,https://webpage-von-wobeser-2026.replit.app/lawyer/sarah-gibert?lang=en,Correcto
319,Regina Godínez,Asociado,Asociado,Coincide,,https://www.vonwobeser.com/index.php/abogado?l=319,Correcto,https://www.vonwobeser.com/index.php/lawyer?l=319,Correcto,https://webpage-von-wobeser-2026.replit.app/abogado/regina-godinez,Correcto,https://webpage-von-wobeser-2026.replit.app/lawyer/regina-godinez?lang=en,Correcto
288,José Antonio Gómez,Asociado,Asociado,Coincide,,https://www.vonwobeser.com/index.php/abogado?l=288,Correcto,https://www.vonwobeser.com/index.php/lawyer?l=288,Correcto,https://webpage-von-wobeser-2026.replit.app/abogado/jose-antonio-gomez,Correcto,https://webpage-von-wobeser-2026.replit.app/lawyer/jose-antonio-gomez?lang=en,Correcto
354,Mariana Gómez-Vallin,Asociado,Asociado,Coincide,,https://www.vonwobeser.com/index.php/abogado?l=354,Correcto,https://www.vonwobeser.com/index.php/lawyer?l=354,Correcto,https://webpage-von-wobeser-2026.replit.app/abogado/mariana-gomez-vallin,Correcto,https://webpage-von-wobeser-2026.replit.app/lawyer/mariana-gomez-vallin?lang=en,Correcto
217,Cinthya González,Asociado,Asociado,Coincide,,https://www.vonwobeser.com/index.php/abogado?l=217,Correcto,https://www.vonwobeser.com/index.php/lawyer?l=217,Correcto,https://webpage-von-wobeser-2026.replit.app/abogado/cinthya-gonzalez,Correcto,https://webpage-von-wobeser-2026.replit.app/lawyer/cinthya-gonzalez?lang=en,Correcto
427,Eliana González,Asociado,Asociado,Coincide,,https://www.vonwobeser.com/index.php/abogado?l=427,Correcto,https://www.vonwobeser.com/index.php/lawyer?l=427,Correcto,https://webpage-von-wobeser-2026.replit.app/abogado/eliana-gonzalez,Correcto,https://webpage-von-wobeser-2026.replit.app/lawyer/eliana-gonzalez?lang=en,Correcto
437,Regina González,Asociado,Asociado,Revisar diferencias,introEs | introEn | bodyEs | bodyEn,https://www.vonwobeser.com/index.php/abogado?l=437,Correcto,https://www.vonwobeser.com/index.php/lawyer?l=437,Correcto,https://webpage-von-wobeser-2026.replit.app/abogado/regina-gonzalez,Correcto,https://webpage-von-wobeser-2026.replit.app/lawyer/regina-gonzalez?lang=en,Correcto
403,Ana Victoria Guevara,Asociado,Asociado,Coincide,,https://www.vonwobeser.com/index.php/abogado?l=403,Correcto,https://www.vonwobeser.com/index.php/lawyer?l=403,Correcto,https://webpage-von-wobeser-2026.replit.app/abogado/ana-victoria-guevara,Correcto,https://webpage-von-wobeser-2026.replit.app/lawyer/ana-victoria-guevara?lang=en,Correcto
436,Arturo Hernández,Asociado,Asociado,Revisar diferencias,introEs | introEn | bodyEs | bodyEn | education,https://www.vonwobeser.com/index.php/abogado?l=436,Correcto,https://www.vonwobeser.com/index.php/lawyer?l=436,Correcto,https://webpage-von-wobeser-2026.replit.app/abogado/arturo-hernandez,Correcto,https://webpage-von-wobeser-2026.replit.app/lawyer/arturo-hernandez?lang=en,Correcto
346,Gastón Hinojosa,Asociado,Asociado,Coincide,,https://www.vonwobeser.com/index.php/abogado?l=346,Correcto,https://www.vonwobeser.com/index.php/lawyer?l=346,Correcto,https://webpage-von-wobeser-2026.replit.app/abogado/gaston-hinojosa,Correcto,https://webpage-von-wobeser-2026.replit.app/lawyer/gaston-hinojosa?lang=en,Correcto
430,Amanda Ibáñez,Asociado,Asociado,Coincide,,https://www.vonwobeser.com/index.php/abogado?l=430,Correcto,https://www.vonwobeser.com/index.php/lawyer?l=430,Correcto,https://webpage-von-wobeser-2026.replit.app/abogado/amanda-ibanez,Correcto,https://webpage-von-wobeser-2026.replit.app/lawyer/amanda-ibanez?lang=en,Correcto
246,Elías Jalife,Asociado,Asociado,Coincide,,https://www.vonwobeser.com/index.php/abogado?l=246,Correcto,https://www.vonwobeser.com/index.php/lawyer?l=246,Correcto,https://webpage-von-wobeser-2026.replit.app/abogado/elias-jalife,Correcto,https://webpage-von-wobeser-2026.replit.app/lawyer/elias-jalife?lang=en,Correcto
416,Andrés Jiménez,Asociado,Asociado,Coincide,,https://www.vonwobeser.com/index.php/abogado?l=416,Correcto,https://www.vonwobeser.com/index.php/lawyer?l=416,Correcto,https://webpage-von-wobeser-2026.replit.app/abogado/andres-jimenez,Correcto,https://webpage-von-wobeser-2026.replit.app/lawyer/andres-jimenez?lang=en,Correcto
383,Dolores Jiménez,Asociado,Asociado,Coincide,,https://www.vonwobeser.com/index.php/abogado?l=383,Correcto,https://www.vonwobeser.com/index.php/lawyer?l=383,Correcto,https://webpage-von-wobeser-2026.replit.app/abogado/dolores-jimenez,Correcto,https://webpage-von-wobeser-2026.replit.app/lawyer/dolores-jimenez?lang=en,Correcto
412,Mercedes Jiménez Roel,Asociado,Asociado,Coincide,,https://www.vonwobeser.com/index.php/abogado?l=412,Correcto,https://www.vonwobeser.com/index.php/lawyer?l=412,Correcto,https://webpage-von-wobeser-2026.replit.app/abogado/mercedes-jimenez-roel,Correcto,https://webpage-von-wobeser-2026.replit.app/lawyer/mercedes-jimenez-roel?lang=en,Correcto
360,Alfonso Leñero,Asociado,Asociado,Coincide,,https://www.vonwobeser.com/index.php/abogado?l=360,Correcto,https://www.vonwobeser.com/index.php/lawyer?l=360,Correcto,https://webpage-von-wobeser-2026.replit.app/abogado/alfonso-lenero,Correcto,https://webpage-von-wobeser-2026.replit.app/lawyer/alfonso-lenero?lang=en,Correcto
451,Margarita Lima,Asociado,Asociado,Coincide,,https://www.vonwobeser.com/index.php/abogado?l=451,Correcto,https://www.vonwobeser.com/index.php/lawyer?l=451,Correcto,https://webpage-von-wobeser-2026.replit.app/abogado/margarita-lima,Correcto,https://webpage-von-wobeser-2026.replit.app/lawyer/margarita-lima?lang=en,Correcto
408,Stefania Lopardo,Asociado,Asociado,Coincide,,https://www.vonwobeser.com/index.php/abogado?l=408,Correcto,https://www.vonwobeser.com/index.php/lawyer?l=408,Correcto,https://webpage-von-wobeser-2026.replit.app/abogado/stefania-lopardo,Correcto,https://webpage-von-wobeser-2026.replit.app/lawyer/stefania-lopardo?lang=en,Correcto
438,Diego Lozada,Asociado,Asociado,Coincide,,https://www.vonwobeser.com/index.php/abogado?l=438,Correcto,https://www.vonwobeser.com/index.php/lawyer?l=438,Correcto,https://webpage-von-wobeser-2026.replit.app/abogado/diego-lozada,Correcto,https://webpage-von-wobeser-2026.replit.app/lawyer/diego-lozada?lang=en,Correcto
334,Déborah Luengo,Asociado,Asociado,Coincide,,https://www.vonwobeser.com/index.php/abogado?l=334,Correcto,https://www.vonwobeser.com/index.php/lawyer?l=334,Correcto,https://webpage-von-wobeser-2026.replit.app/abogado/deborah-luengo,Correcto,https://webpage-von-wobeser-2026.replit.app/lawyer/deborah-luengo?lang=en,Correcto
344,Mario Lugo,Asociado,Asociado,Coincide,,https://www.vonwobeser.com/index.php/abogado?l=344,Correcto,https://www.vonwobeser.com/index.php/lawyer?l=344,Correcto,https://webpage-von-wobeser-2026.replit.app/abogado/mario-lugo,Correcto,https://webpage-von-wobeser-2026.replit.app/lawyer/mario-lugo?lang=en,Correcto
449,Julián Luna,Asociado,Asociado,Coincide,,https://www.vonwobeser.com/index.php/abogado?l=449,Correcto,https://www.vonwobeser.com/index.php/lawyer?l=449,Correcto,https://webpage-von-wobeser-2026.replit.app/abogado/julian-luna,Correcto,https://webpage-von-wobeser-2026.replit.app/lawyer/julian-luna?lang=en,Correcto
300,Libna Macías,Asociado,Asociado,Coincide,,https://www.vonwobeser.com/index.php/abogado?l=300,Correcto,https://www.vonwobeser.com/index.php/lawyer?l=300,Correcto,https://webpage-von-wobeser-2026.replit.app/abogado/libna-macias,Correcto,https://webpage-von-wobeser-2026.replit.app/lawyer/libna-macias?lang=en,Correcto
173,Laura Maldonado,Asociado,Asociado,Coincide,,https://www.vonwobeser.com/index.php/abogado?l=173,Correcto,https://www.vonwobeser.com/index.php/lawyer?l=173,Correcto,https://webpage-von-wobeser-2026.replit.app/abogado/laura-maldonado,Correcto,https://webpage-von-wobeser-2026.replit.app/lawyer/laura-maldonado?lang=en,Correcto
445,Gabriela Mancha,Asociado,Asociado,Coincide,,https://www.vonwobeser.com/index.php/abogado?l=445,Correcto,https://www.vonwobeser.com/index.php/lawyer?l=445,Correcto,https://webpage-von-wobeser-2026.replit.app/abogado/gabriela-mancha,Correcto,https://webpage-von-wobeser-2026.replit.app/lawyer/gabriela-mancha?lang=en,Correcto
376,Fernando Mancilla,Asociado,Asociado,Coincide,,https://www.vonwobeser.com/index.php/abogado?l=376,Correcto,https://www.vonwobeser.com/index.php/lawyer?l=376,Correcto,https://webpage-von-wobeser-2026.replit.app/abogado/fernando-mancilla,Correcto,https://webpage-von-wobeser-2026.replit.app/lawyer/fernando-mancilla?lang=en,Correcto
407,Alondra Marín,Asociado,Asociado,Coincide,,https://www.vonwobeser.com/index.php/abogado?l=407,Correcto,https://www.vonwobeser.com/index.php/lawyer?l=407,Correcto,https://webpage-von-wobeser-2026.replit.app/abogado/alondra-marin,Correcto,https://webpage-von-wobeser-2026.replit.app/lawyer/alondra-marin?lang=en,Correcto
443,Adrián Martínez,Asociado,Asociado,Coincide,,https://www.vonwobeser.com/index.php/abogado?l=443,Correcto,https://www.vonwobeser.com/index.php/lawyer?l=443,Correcto,https://webpage-von-wobeser-2026.replit.app/abogado/adrian-martinez,Correcto,https://webpage-von-wobeser-2026.replit.app/lawyer/adrian-martinez?lang=en,Correcto
418,Alexa Mendivil,Asociado,Asociado,Coincide,,https://www.vonwobeser.com/index.php/abogado?l=418,Correcto,https://www.vonwobeser.com/index.php/lawyer?l=418,Correcto,https://webpage-von-wobeser-2026.replit.app/abogado/alexa-mendivil,Correcto,https://webpage-von-wobeser-2026.replit.app/lawyer/alexa-mendivil?lang=en,Correcto
298,Max Morales,Asociado,Asociado,Coincide,,https://www.vonwobeser.com/index.php/abogado?l=298,Correcto,https://www.vonwobeser.com/index.php/lawyer?l=298,Correcto,https://webpage-von-wobeser-2026.replit.app/abogado/max-morales,Correcto,https://webpage-von-wobeser-2026.replit.app/lawyer/max-morales?lang=en,Correcto
181,Gabriela Negrete,Asociado,Asociado,Coincide,,https://www.vonwobeser.com/index.php/abogado?l=181,Correcto,https://www.vonwobeser.com/index.php/lawyer?l=181,Correcto,https://webpage-von-wobeser-2026.replit.app/abogado/gabriela-negrete,Correcto,https://webpage-von-wobeser-2026.replit.app/lawyer/gabriela-negrete?lang=en,Correcto
322,Sara Ortiz,Asociado,Asociado,Coincide,,https://www.vonwobeser.com/index.php/abogado?l=322,Correcto,https://www.vonwobeser.com/index.php/lawyer?l=322,Correcto,https://webpage-von-wobeser-2026.replit.app/abogado/sara-ortiz,Correcto,https://webpage-von-wobeser-2026.replit.app/lawyer/sara-ortiz?lang=en,Correcto
342,Cynthia Osio,Asociado,Asociado,Coincide,,https://www.vonwobeser.com/index.php/abogado?l=342,Correcto,https://www.vonwobeser.com/index.php/lawyer?l=342,Correcto,https://webpage-von-wobeser-2026.replit.app/abogado/cynthia-osio,Correcto,https://webpage-von-wobeser-2026.replit.app/lawyer/cynthia-osio?lang=en,Correcto
428,Gustavo Padilla,Asociado,Asociado,Coincide,,https://www.vonwobeser.com/index.php/abogado?l=428,Correcto,https://www.vonwobeser.com/index.php/lawyer?l=428,Correcto,https://webpage-von-wobeser-2026.replit.app/abogado/gustavo-padilla,Correcto,https://webpage-von-wobeser-2026.replit.app/lawyer/gustavo-padilla?lang=en,Correcto
216,Ernesto Palomares,Asociado,Asociado,Coincide,,https://www.vonwobeser.com/index.php/abogado?l=216,Correcto,https://www.vonwobeser.com/index.php/lawyer?l=216,Correcto,https://webpage-von-wobeser-2026.replit.app/abogado/ernesto-palomares,Correcto,https://webpage-von-wobeser-2026.replit.app/lawyer/ernesto-palomares?lang=en,Correcto
351,Ileana Pantiga,Asociado,Asociado,Coincide,,https://www.vonwobeser.com/index.php/abogado?l=351,Correcto,https://www.vonwobeser.com/index.php/lawyer?l=351,Correcto,https://webpage-von-wobeser-2026.replit.app/abogado/ileana-pantiga,Correcto,https://webpage-von-wobeser-2026.replit.app/lawyer/ileana-pantiga?lang=en,Correcto
297,Alejandro Pérez,Asociado,Asociado,Coincide,,https://www.vonwobeser.com/index.php/abogado?l=297,Correcto,https://www.vonwobeser.com/index.php/lawyer?l=297,Correcto,https://webpage-von-wobeser-2026.replit.app/abogado/alejandro-perez,Correcto,https://webpage-von-wobeser-2026.replit.app/lawyer/alejandro-perez?lang=en,Correcto
362,Liliana Pérez,Asociado,Asociado,Coincide,,https://www.vonwobeser.com/index.php/abogado?l=362,Correcto,https://www.vonwobeser.com/index.php/lawyer?l=362,Correcto,https://webpage-von-wobeser-2026.replit.app/abogado/liliana-perez,Correcto,https://webpage-von-wobeser-2026.replit.app/lawyer/liliana-perez?lang=en,Correcto
398,Daniela Pons,Asociado,Asociado,Coincide,,https://www.vonwobeser.com/index.php/abogado?l=398,Correcto,https://www.vonwobeser.com/index.php/lawyer?l=398,Correcto,https://webpage-von-wobeser-2026.replit.app/abogado/daniela-pons,Correcto,https://webpage-von-wobeser-2026.replit.app/lawyer/daniela-pons?lang=en,Correcto
384,Christian Ramírez,Asociado,Asociado,Coincide,,https://www.vonwobeser.com/index.php/abogado?l=384,Correcto,https://www.vonwobeser.com/index.php/lawyer?l=384,Correcto,https://webpage-von-wobeser-2026.replit.app/abogado/christian-ramirez,Correcto,https://webpage-von-wobeser-2026.replit.app/lawyer/christian-ramirez?lang=en,Correcto
450,Juan Arturo Ramos Robles,Asociado,Asociado,Coincide,,https://www.vonwobeser.com/index.php/abogado?l=450,Correcto,https://www.vonwobeser.com/index.php/lawyer?l=450,Correcto,https://webpage-von-wobeser-2026.replit.app/abogado/juan-arturo-ramos-robles,Correcto,https://webpage-von-wobeser-2026.replit.app/lawyer/juan-arturo-ramos-robles?lang=en,Correcto
402,Sofía Reyes,Asociado,Asociado,Coincide,,https://www.vonwobeser.com/index.php/abogado?l=402,Correcto,https://www.vonwobeser.com/index.php/lawyer?l=402,Correcto,https://webpage-von-wobeser-2026.replit.app/abogado/sofia-reyes,Correcto,https://webpage-von-wobeser-2026.replit.app/lawyer/sofia-reyes?lang=en,Correcto
395,Patricio Reyes Retana,Asociado,Asociado,Coincide,,https://www.vonwobeser.com/index.php/abogado?l=395,Correcto,https://www.vonwobeser.com/index.php/lawyer?l=395,Correcto,https://webpage-von-wobeser-2026.replit.app/abogado/patricio-reyes-retana,Correcto,https://webpage-von-wobeser-2026.replit.app/lawyer/patricio-reyes-retana?lang=en,Correcto
326,Ricardo Rosas,Asociado,Asociado,Coincide,,https://www.vonwobeser.com/index.php/abogado?l=326,Correcto,https://www.vonwobeser.com/index.php/lawyer?l=326,Correcto,https://webpage-von-wobeser-2026.replit.app/abogado/ricardo-rosas,Correcto,https://webpage-von-wobeser-2026.replit.app/lawyer/ricardo-rosas?lang=en,Correcto
359,Ana Ruiz,Asociado,Asociado,Coincide,,https://www.vonwobeser.com/index.php/abogado?l=359,Correcto,https://www.vonwobeser.com/index.php/lawyer?l=359,Correcto,https://webpage-von-wobeser-2026.replit.app/abogado/ana-ruiz,Correcto,https://webpage-von-wobeser-2026.replit.app/lawyer/ana-ruiz?lang=en,Correcto
446,Mariana Salcedo,Asociado,Asociado,Coincide,,https://www.vonwobeser.com/index.php/abogado?l=446,Correcto,https://www.vonwobeser.com/index.php/lawyer?l=446,Correcto,https://webpage-von-wobeser-2026.replit.app/abogado/mariana-salcedo,Correcto,https://webpage-von-wobeser-2026.replit.app/lawyer/mariana-salcedo?lang=en,Correcto
192,Efrén Sánchez,Asociado,Asociado,Coincide,,https://www.vonwobeser.com/index.php/abogado?l=192,Correcto,https://www.vonwobeser.com/index.php/lawyer?l=192,Correcto,https://webpage-von-wobeser-2026.replit.app/abogado/efren-sanchez,Correcto,https://webpage-von-wobeser-2026.replit.app/lawyer/efren-sanchez?lang=en,Correcto
419,Héctor Sánchez,Asociado,Asociado,Coincide,,https://www.vonwobeser.com/index.php/abogado?l=419,Correcto,https://www.vonwobeser.com/index.php/lawyer?l=419,Correcto,https://webpage-von-wobeser-2026.replit.app/abogado/hector-sanchez,Correcto,https://webpage-von-wobeser-2026.replit.app/lawyer/hector-sanchez?lang=en,Correcto
422,Jaime Antonio Sánchez,Asociado,Asociado,Coincide,,https://www.vonwobeser.com/index.php/abogado?l=422,Correcto,https://www.vonwobeser.com/index.php/lawyer?l=422,Correcto,https://webpage-von-wobeser-2026.replit.app/abogado/jaime-antonio-sanchez,Correcto,https://webpage-von-wobeser-2026.replit.app/lawyer/jaime-antonio-sanchez?lang=en,Correcto
400,Michael Schreiber,Asociado,Asociado,Coincide,,https://www.vonwobeser.com/index.php/abogado?l=400,Correcto,https://www.vonwobeser.com/index.php/lawyer?l=400,Correcto,https://webpage-von-wobeser-2026.replit.app/abogado/michael-schreiber,Correcto,https://webpage-von-wobeser-2026.replit.app/lawyer/michael-schreiber?lang=en,Correcto
429,Santiago Torres,Asociado,Asociado,Coincide,,https://www.vonwobeser.com/index.php/abogado?l=429,Correcto,https://www.vonwobeser.com/index.php/lawyer?l=429,Correcto,https://webpage-von-wobeser-2026.replit.app/abogado/santiago-torres,Correcto,https://webpage-von-wobeser-2026.replit.app/lawyer/santiago-torres?lang=en,Correcto
333,Alejandro Torres,Asociado,Asociado,Coincide,,https://www.vonwobeser.com/index.php/abogado?l=333,Correcto,https://www.vonwobeser.com/index.php/lawyer?l=333,Correcto,https://webpage-von-wobeser-2026.replit.app/abogado/alejandro-torres-associate,Correcto,https://webpage-von-wobeser-2026.replit.app/lawyer/alejandro-torres-associate?lang=en,Correcto
364,Carlos Ugalde,Asociado,Asociado,Coincide,,https://www.vonwobeser.com/index.php/abogado?l=364,Correcto,https://www.vonwobeser.com/index.php/lawyer?l=364,Correcto,https://webpage-von-wobeser-2026.replit.app/abogado/carlos-ugalde,Correcto,https://webpage-von-wobeser-2026.replit.app/lawyer/carlos-ugalde?lang=en,Correcto
425,Gustavo Vaca,Asociado,Asociado,Coincide,,https://www.vonwobeser.com/index.php/abogado?l=425,Correcto,https://www.vonwobeser.com/index.php/lawyer?l=425,Correcto,https://webpage-von-wobeser-2026.replit.app/abogado/gustavo-vaca,Correcto,https://webpage-von-wobeser-2026.replit.app/lawyer/gustavo-vaca?lang=en,Correcto
296,Jorge Vázquez,Asociado,Asociado,Coincide,,https://www.vonwobeser.com/index.php/abogado?l=296,Correcto,https://www.vonwobeser.com/index.php/lawyer?l=296,Correcto,https://webpage-von-wobeser-2026.replit.app/abogado/jorge-vazquez,Correcto,https://webpage-von-wobeser-2026.replit.app/lawyer/jorge-vazquez?lang=en,Correcto
200,Rocío Vega,Asociado,Asociado,Coincide,,https://www.vonwobeser.com/index.php/abogado?l=200,Correcto,https://www.vonwobeser.com/index.php/lawyer?l=200,Correcto,https://webpage-von-wobeser-2026.replit.app/abogado/rocio-vega,Correcto,https://webpage-von-wobeser-2026.replit.app/lawyer/rocio-vega?lang=en,Correcto
455,María Elisa Vera Madrigal,Asociado,Asociado,Coincide,,https://www.vonwobeser.com/index.php/abogado?l=455,Correcto,https://www.vonwobeser.com/index.php/lawyer?l=455,Correcto,https://webpage-von-wobeser-2026.replit.app/abogado/maria-elisa-vera-madrigal,Correcto,https://webpage-von-wobeser-2026.replit.app/lawyer/maria-elisa-vera-madrigal?lang=en,Correcto
456,Gabriela Zambrano,Asociado,Asociado,Coincide,,https://www.vonwobeser.com/index.php/abogado?l=456,Correcto,https://www.vonwobeser.com/index.php/lawyer?l=456,Correcto,https://webpage-von-wobeser-2026.replit.app/abogado/gabriela-zambrano,Correcto,https://webpage-von-wobeser-2026.replit.app/lawyer/gabriela-zambrano?lang=en,Correcto
457,Bernardo Zatarain,Asociado,Asociado,Coincide,,https://www.vonwobeser.com/index.php/abogado?l=457,Correcto,https://www.vonwobeser.com/index.php/lawyer?l=457,Correcto,https://webpage-von-wobeser-2026.replit.app/abogado/bernardo-zatarain,Correcto,https://webpage-von-wobeser-2026.replit.app/lawyer/bernardo-zatarain?lang=en,Correcto
,Adrian Rodriguez,,Asociado,Solo en proyecto,Perfil adicional preservado; no figura en el directorio oficial actual,,No aplica,,No aplica,https://webpage-von-wobeser-2026.replit.app/abogado/adrian-rodriguez,Correcto,https://webpage-von-wobeser-2026.replit.app/lawyer/adrian-rodriguez?lang=en,Correcto
,Christopher Wilkerson,,Asociado,Solo en proyecto,Perfil adicional preservado; no figura en el directorio oficial actual,,No aplica,,No aplica,https://webpage-von-wobeser-2026.replit.app/abogado/christopher-wilkerson,Correcto,https://webpage-von-wobeser-2026.replit.app/lawyer/christopher-wilkerson?lang=en,Correcto
,Jose Carlos Aguilar,,Asociado,Solo en proyecto,Perfil adicional preservado; no figura en el directorio oficial actual,,No aplica,,No aplica,https://webpage-von-wobeser-2026.replit.app/abogado/jose-carlos-aguilar,Correcto,https://webpage-von-wobeser-2026.replit.app/lawyer/jose-carlos-aguilar?lang=en,Correcto
,Jose Luis Ortega,,Asociado,Solo en proyecto,Perfil adicional preservado; no figura en el directorio oficial actual,,No aplica,,No aplica,https://webpage-von-wobeser-2026.replit.app/abogado/jose-luis-ortega,Correcto,https://webpage-von-wobeser-2026.replit.app/lawyer/jose-luis-ortega?lang=en,Correcto
,Juan Manuel Moran,,Asociado,Solo en proyecto,Perfil adicional preservado; no figura en el directorio oficial actual,,No aplica,,No aplica,https://webpage-von-wobeser-2026.replit.app/abogado/juan-manuel-moran,Correcto,https://webpage-von-wobeser-2026.replit.app/lawyer/juan-manuel-moran?lang=en,Correcto
,Paola Hernandez,,Asociada,Solo en proyecto,Perfil adicional preservado; no figura en el directorio oficial actual,,No aplica,,No aplica,https://webpage-von-wobeser-2026.replit.app/abogado/paola-hernandez,Correcto,https://webpage-von-wobeser-2026.replit.app/lawyer/paola-hernandez?lang=en,Correcto
,Raul Quintero,,Asociado,Solo en proyecto,Perfil adicional preservado; no figura en el directorio oficial actual,,No aplica,,No aplica,https://webpage-von-wobeser-2026.replit.app/abogado/raul-quintero,Correcto,https://webpage-von-wobeser-2026.replit.app/lawyer/raul-quintero?lang=en,Correcto
,Regina Forte,,Asociada,Solo en proyecto,Perfil adicional preservado; no figura en el directorio oficial actual,,No aplica,,No aplica,https://webpage-von-wobeser-2026.replit.app/abogado/regina-forte,Correcto,https://webpage-von-wobeser-2026.replit.app/lawyer/regina-forte?lang=en,Correcto
,Ruben Villegas,,Asociado,Solo en proyecto,Perfil adicional preservado; no figura en el directorio oficial actual,,No aplica,,No aplica,https://webpage-von-wobeser-2026.replit.app/abogado/ruben-villegas,Correcto,https://webpage-von-wobeser-2026.replit.app/lawyer/ruben-villegas?lang=en,Correcto
