sourceKey,language,legacyId,titleOfficial,officialUrl,officialDateRaw,officialDateNormalized,officialDatePrecision,action,reason,sourceFile,counterpartLegacyId,candidateId,candidateSlug,titleExact,textSimilarity,exactExcerpt,exactContent,sourceContentSha256
en:1986,en,1986,Regulatory Updates in the Hydrocarbons Sector,https://www.vonwobeser.com/index.php/publication?p_id=1986,"July, 2025",2025-07,month,already_reconciled,verified_official_legacy_id_already_present,../mirror/index.php/publication/p_id-1986.html,,eb225870-9313-4f31-9184-d349dd4ac349,regulatory-updates-in-the-hydrocarbons-sector-1986,true,1.0000,true,true,
en:1970,en,1970,Criterion Issued by the Instituto del Fondo Nacional de la Vivienda para los Trabajadores Regarding the Amendment to Article 29 of the INFONAVIT Law,https://www.vonwobeser.com/index.php/publication?p_id=1970,"March, 2025",2025-03,month,already_reconciled,verified_official_legacy_id_already_present,../mirror/index.php/publication/p_id-1970.html,,97c59e33-0043-49f6-87d8-2ca5fad7d84f,criterio-emitido-por-el-instituto-del,true,0.5691,false,false,
en:1966,en,1966,Tax Implications of Recent SAT Invitations on Subcontracting and REPSE,https://www.vonwobeser.com/index.php/publication?p_id=1966,"March, 2025",2025-03,month,already_reconciled,verified_official_legacy_id_already_present,../mirror/index.php/publication/p_id-1966.html,,ba575748-0d94-400a-aa84-3352a5befb68,tax-implications-of-recent-sat-invitations-on-subcontracting-and-repse-1966,true,1.0000,true,true,
es:1985,es,1985,Actualizaciones Regulatorias en el Sector de Hidrocarburos,https://www.vonwobeser.com/index.php/publicacion?p_id=1985,"Julio, 2025",2025-07,month,already_reconciled,verified_official_legacy_id_already_present,../mirror/index.php/publicacion/p_id-1985.html,,58f2be9c-9298-4a84-b2eb-a80391bf5070,actualizaciones-regulatorias-en-el-sector-de,true,0.8862,false,false,
es:1983,es,1983,Ley Silla - Disposiciones sobre los factores de Riesgo de Trabajo,https://www.vonwobeser.com/index.php/publicacion?p_id=1983,"Julio, 2025",2025-07,month,already_reconciled,verified_official_legacy_id_already_present,../mirror/index.php/publicacion/p_id-1983.html,,141c8f8e-30a8-4553-a556-8916e5a4fdba,ley-silla-disposiciones-sobre-los-factores-de,true,0.7751,true,false,
es:1977,es,1977,Simplificación y mejora regulatoria de trámites en materia de PLD,https://www.vonwobeser.com/index.php/publicacion?p_id=1977,"Junio, 2025",2025-06,month,already_reconciled,verified_official_legacy_id_already_present,../mirror/index.php/publicacion/p_id-1977.html,,c3fc99f2-ff4c-4387-abd6-d790f7b26a7c,simplificacion-y-mejora-regulatoria-de,true,0.7310,true,false,
es:1975,es,1975,Se publica iniciativa de reforma a la Ley Federal de Competencia Económica,https://www.vonwobeser.com/index.php/publicacion?p_id=1975,"Abril, 2025",2025-04,month,already_reconciled,verified_official_legacy_id_already_present,../mirror/index.php/publicacion/p_id-1975.html,,7cfc561e-3662-47be-aaa3-2ddeaaddf149,se-publica-iniciativa-de-reforma-a-la-ley,true,0.9419,true,false,
es:1973,es,1973,Nueva Declaración Informativa sobre Ocupación de Inmuebles Habitacionales en la Ciudad de México,https://www.vonwobeser.com/index.php/publicacion?p_id=1973,"Abril, 2025",2025-04,month,already_reconciled,verified_official_legacy_id_already_present,../mirror/index.php/publicacion/p_id-1973.html,,1d71da1b-f62b-4306-ab2e-316272415c17,nueva-declaracion-informativa-sobre,true,0.8792,true,false,
es:1971,es,1971,Nuevas Leyes en materia de Transparencia y Protección de Datos Personales en México,https://www.vonwobeser.com/index.php/publicacion?p_id=1971,"Marzo, 2025",2025-03,month,already_reconciled,verified_official_legacy_id_already_present,../mirror/index.php/publicacion/p_id-1971.html,,208f791b-7acb-4874-bdf4-29c2bb72a659,nuevas-leyes-en-materia-de,true,0.9278,true,false,
es:1969,es,1969,Criterio emitido por el Instituto del Fondo Nacional de la Vivienda para los Trabajadores respecto de la Reforma al Artículo 29 de la Ley del INFONAVIT,https://www.vonwobeser.com/index.php/publicacion?p_id=1969,"Marzo, 2025",2025-03,month,covered_by_verified_bilingual_counterpart,official_language_counterpart_already_present,../mirror/index.php/publicacion/p_id-1969.html,1970,97c59e33-0043-49f6-87d8-2ca5fad7d84f,criterio-emitido-por-el-instituto-del,true,0.5691,false,false,
es:1967,es,1967,Nuevas Leyes Secundarias para el Sector Eléctrico (Segunda Parte),https://www.vonwobeser.com/index.php/publicacion?p_id=1967,"Marzo, 2025",2025-03,month,already_reconciled,verified_official_legacy_id_already_present,../mirror/index.php/publicacion/p_id-1967.html,,238873f6-31e5-4b53-9526-2e23b4012653,nuevas-leyes-secundarias-para-el-sector,true,0.9812,true,false,
es:1965,es,1965,Implicaciones Fiscales de las Recientes Invitaciones del SAT sobre Subcontratación Y REPSE,https://www.vonwobeser.com/index.php/publicacion?p_id=1965,"Marzo, 2025",2025-03,month,already_reconciled,verified_official_legacy_id_already_present,../mirror/index.php/publicacion/p_id-1965.html,,f7065f97-30c1-4ccf-a67e-99ad8404a02d,implicaciones-fiscales-de-las-recientes,true,0.9218,true,false,
es:1963,es,1963,Entran en vigor Disposiciones para la integración de Sistemas de Almacenamiento de Energía Eléctrica al Sistema Eléctrico Nacional.,https://www.vonwobeser.com/index.php/publicacion?p_id=1963,"Marzo, 2025",2025-03,month,already_reconciled,verified_official_legacy_id_already_present,../mirror/index.php/publicacion/p_id-1963.html,,ddf693b2-43c4-4891-9920-702dff51a66a,entran-en-vigor-disposiciones-para-la,true,0.8822,true,false,
es:1960,es,1960,Se Otorgan Estímulos Fiscales a Contribuyentes que Operen dentro de los Polos de Desarrollo Económico para el Bienestar,https://www.vonwobeser.com/index.php/publicacion?p_id=1960,"Mayo, 2025",2025-05,month,already_reconciled,verified_official_legacy_id_already_present,../mirror/index.php/publicacion/p_id-1960.html,,a834d95d-7f85-422a-b7d6-32bfdac9d083,tax-incentives-granted-to-taxpayers-operating-within-the-economic-development-hubs-for-well-bein-1960,true,1.0000,true,true,
es:1957,es,1957,Nuevas Leyes Secundarias Modifican el Sector Energético en México,https://www.vonwobeser.com/index.php/publicacion?p_id=1957,"Marzo, 2025",2025-03,month,already_reconciled,verified_official_legacy_id_already_present,../mirror/index.php/publicacion/p_id-1957.html,,189aeb89-a442-43ba-b643-e593623c6e96,nuevas-leyes-secundarias-modifican-el,true,0.6435,true,false,
es:1953,es,1953,Publicación de Criterio sobre Responsabilidad Penal de Personas Morales.,https://www.vonwobeser.com/index.php/publicacion?p_id=1953,"Febrero, 2025",2025-02,month,already_reconciled,verified_official_legacy_id_already_present,../mirror/index.php/publicacion/p_id-1953.html,,fa066d4b-e4be-4395-b3e7-ba2ea8662b32,publicacion-de-criterio-sobre,true,0.9261,true,false,
es:1939,es,1939,Flexibilización de la prohibición de importación temporal de textiles y confecciones bajo programas IMMEX,https://www.vonwobeser.com/index.php/publicacion?p_id=1939,"Enero, 2025",2025-01,month,already_reconciled,verified_official_legacy_id_already_present,../mirror/index.php/publicacion/p_id-1939.html,,511b1b18-e06c-4ade-b955-768b42f5bb8e,flexibilizacion-de-la-prohibicion-de,true,0.8523,true,false,
es:1937,es,1937,Reforma Laboral en materia de Trabajo en Plataformas Digitales,https://www.vonwobeser.com/index.php/publicacion?p_id=1937,"Enero, 2025",2025-01,month,already_reconciled,verified_official_legacy_id_already_present,../mirror/index.php/publicacion/p_id-1937.html,,242eccd7-8db8-4e4d-99ab-a035fccdf591,reforma-laboral-en-materia-de-trabajo,true,0.8447,false,false,
es:1935,es,1935,Propuesta de Servicios Legales y de Cumplimiento: Preparación frente a las Regulaciones OFAC y la Designación de Cárteles como Organizaciones Terroristas,https://www.vonwobeser.com/index.php/publicacion?p_id=1935,"Enero, 2025",2025-01,month,already_reconciled,verified_official_legacy_id_already_present,../mirror/index.php/publicacion/p_id-1935.html,,b5dcec5e-c153-4ee6-8e23-da458e1a39f8,propuesta-de-servicios-legales-y-de,true,0.7039,false,false,
es:1933,es,1933,Nuevos Valores de la UMA vigentes a partir del 1º de febrero de 2025,https://www.vonwobeser.com/index.php/publicacion?p_id=1933,"Enero, 2025",2025-01,month,already_reconciled,verified_official_legacy_id_already_present,../mirror/index.php/publicacion/p_id-1933.html,,7cfcec9f-6f61-4260-87d4-5f1539e03564,nuevos-valores-de-la-uma-vigentes-a,true,0.6842,true,false,
es:1930,es,1930,México expresa a la ONU posición restrictiva sobre uso de la fuerza en territorio extranjero,https://www.vonwobeser.com/index.php/publicacion?p_id=1930,"Febrero, 2025",2025-02,month,already_reconciled,verified_official_legacy_id_already_present,../mirror/index.php/publicacion/p_id-1930.html,,30af31ac-2a9f-4988-aacd-fd857a3fe8a2,mexico-expresa-a-la-onu-posicion,true,0.9444,true,false,
es:1927,es,1927,Nuevos salarios mínimos a partir del 1° de enero de 2025,https://www.vonwobeser.com/index.php/publicacion?p_id=1927,"Enero, 2025",2025-01,month,already_reconciled,verified_official_legacy_id_already_present,../mirror/index.php/publicacion/p_id-1927.html,,5a7e0fe2-0d8a-4175-be4f-aabea56862fa,nuevos-salarios-minimos-a-partir-del-1,true,0.0561,true,false,
es:1911,es,1911,Propuesta de Reforma a la LFPIORPI y al CPF para Fortalecer la Prevención de Lavado de Dinero y el Financiamiento al Terrorismo,https://www.vonwobeser.com/index.php/publicacion?p_id=1911,"Octubre, 2024",2024-10,month,already_reconciled,verified_official_legacy_id_already_present,../mirror/index.php/publicacion/p_id-1911.html,,ff4ea0b6-481a-43d2-9aac-c790ca47c8fd,propuesta-de-reforma-a-la-lfpiorpi-y,true,0.9031,true,false,
es:1265,es,1265,"CENACE suspende pruebas preoperativas e impone límites a la transmisión de centrales eléctricas fotovoltaicas y eólicas, y abre la puerta a la promoción de medios de defensa de las empresas afectadas",https://www.vonwobeser.com/index.php/publicacion?p_id=1265,"Mayo, 2020",2020-05,month,already_reconciled,verified_official_legacy_id_already_present,output/audits/noticias-cobertura-2026-08-28/.source-cache/es-1265.html,,5dcec8ed-049b-4321-b076-3713a07b0648,cenace-suspende-pruebas-preoperativas-e-impone-limites-a-la-transmision-de-centrales-electricas-1265,true,1.0000,true,true,
es:1250,es,1250,El CJF considera “asunto urgente” a las medidas cautelares en concursos mercantiles,https://www.vonwobeser.com/index.php/publicacion?p_id=1250,"Abril, 2020",2020-04,month,already_reconciled,verified_official_legacy_id_already_present,output/audits/noticias-cobertura-2026-08-28/.source-cache/es-1250.html,,44aff1af-87d0-47ea-aba4-fe05e5029ae9,el-cjf-considera-asunto-urgente-a-las-medidas-cautelares-en-concursos-mercantiles-1250,true,1.0000,true,true,
es:1205,es,1205,Actualización: Suspensión de términos y plazos de la Comisión Reguladora de Energía,https://www.vonwobeser.com/index.php/publicacion?p_id=1205,"Abril, 2020",2020-04,month,already_reconciled,verified_official_legacy_id_already_present,output/audits/noticias-cobertura-2026-08-28/.source-cache/es-1205.html,,c540444c-565d-4cd3-84dd-cdc25aa475bb,actualizacion-suspension-de-terminos-y-plazos-de-la-comision-reguladora-de-energia-1205,true,1.0000,true,true,
es:1197,es,1197,AB InBev reitera su apuesta por la energía renovable en México,https://www.vonwobeser.com/index.php/publicacion?p_id=1197,"Diciembre, 2019",2019-12,month,already_reconciled,verified_official_legacy_id_already_present,output/audits/noticias-cobertura-2026-08-28/.source-cache/es-1197.html,,a2f62cbc-24a7-4e58-96a4-b3d4ded3e828,ab-inbev-reitera-su-apuesta-por-la-energia-renovable-en-mexico-1197,true,1.0000,true,true,
es:1196,es,1196,Santander desarrolla una estrategia de pagos en México,https://www.vonwobeser.com/index.php/publicacion?p_id=1196,"Marzo, 2020",2020-03,month,already_reconciled,verified_official_legacy_id_already_present,output/audits/noticias-cobertura-2026-08-28/.source-cache/es-1196.html,,78466f6a-166b-4507-a1a4-1502f649ae8a,santander-desarrolla-una-estrategia-de-pagos-en-mexico-1196,true,1.0000,true,true,
es:1100,es,1100,"Disposiciones de Carácter General en Transparencia y Sanas Prácticas, emitidas por la CONDUSEF, aplicables a las ITF",https://www.vonwobeser.com/index.php/publicacion?p_id=1100,"Julio, 2019",2019-07,month,already_reconciled,verified_official_legacy_id_already_present,output/audits/noticias-cobertura-2026-08-28/.source-cache/es-1100.html,,f42ecbcb-da05-446a-a1f8-faa9a9c416fe,general-transparency-and-healthy-practices-provisions-issued-by-the-condusef-applicable-to-the-f-1100,true,1.0000,true,false,
es:1098,es,1098,"Reforma a la Ley Federal del Trabajo y del Seguro Social, en materia de trabajadores del hogar",https://www.vonwobeser.com/index.php/publicacion?p_id=1098,"Julio, 2019",2019-07,month,already_reconciled,verified_official_legacy_id_already_present,output/audits/noticias-cobertura-2026-08-28/.source-cache/es-1098.html,,295135c6-75ad-4245-9da7-053561a37a23,reform-of-the-federal-labor-and-social-security-laws-in-relation-to-domestic-workers-1098,true,1.0000,true,false,
es:1096,es,1096,Reforma en relación al otorgamiento de licencias para padres cuyos hijos hayan sido diagnosticados con cáncer,https://www.vonwobeser.com/index.php/publicacion?p_id=1096,"Junio, 2019",2019-06,month,already_reconciled,verified_official_legacy_id_already_present,output/audits/noticias-cobertura-2026-08-28/.source-cache/es-1096.html,,537044be-5406-4e4c-b407-848da00b196c,reform-in-relation-to-the-granting-of-leave-for-parents-whose-children-have-been-diagnosed-with-1096,true,1.0000,true,false,
es:1095,es,1095,Latin Lawyer- Entendiendo al Peje: lo que los abogados esperan de la presidencia de AMLO,https://www.vonwobeser.com/index.php/publicacion?p_id=1095,"Mayo, 2019",2019-05,month,already_reconciled,verified_official_legacy_id_already_present,output/audits/noticias-cobertura-2026-08-28/.source-cache/es-1095.html,,9579dee0-bfb9-47bf-8389-ba2db760f1f5,latin-lawyer-entendiendo-al-peje-lo-que-los-abogados-esperan-de-la-presidencia-de-amlo-1095,true,1.0000,true,false,
es:1062,es,1062,Circulares emitidas por el Banco de México en materia de Mitigación de Riesgos; Operaciones con Activos Virtuales; Modelos Novedosos y Operaciones en Moneda Extranjera,https://www.vonwobeser.com/index.php/publicacion?p_id=1062,"Marzo, 2019",2019-03,month,already_reconciled,verified_official_legacy_id_already_present,output/audits/noticias-cobertura-2026-08-28/.source-cache/es-1062.html,,3aea0b85-7d94-4b97-bb9f-4b011e13a460,circulares-emitidas-por-el-banco-de-mexico-en-materia-de-mitigacion-de-riesgos-operaciones-con-a-1062,true,1.0000,true,false,
es:1059,es,1059,Global Competition Review- Fernando Carreño- Compañía de información crediticia multada por negarse a negociar en México,https://www.vonwobeser.com/index.php/publicacion?p_id=1059,"Marzo, 2019",2019-03,month,already_reconciled,verified_official_legacy_id_already_present,output/audits/noticias-cobertura-2026-08-28/.source-cache/es-1059.html,,d38dce0b-bcd4-4f12-ad76-923ad61c74b4,global-competition-review-fernando-carreno-compania-de-informacion-crediticia-multada-por-negars-1059,true,1.0000,true,false,
es:1010,es,1010,Evento: Planning Past Unconscious Bias: The ArbitralWomen Diversity Toolkit,https://www.vonwobeser.com/index.php/publicacion?p_id=1010,"Octubre, 2018",2018-10,month,already_reconciled,verified_official_legacy_id_already_present,output/audits/noticias-cobertura-2026-08-28/.source-cache/es-1010.html,,ac20a02f-ce79-44aa-942b-47fc713a04b5,evento-planning-past-unconscious-bias-the-arbitralwomen-diversity-toolkit-1010,true,1.0000,true,false,
es:988,es,988,El CENAGAS emite bases preliminares de licitación para almacenamiento estratégico de gas natural en Veracruz,https://www.vonwobeser.com/index.php/publicacion?p_id=988,"Agosto, 2018",2018-08,month,already_reconciled,verified_official_legacy_id_already_present,output/audits/noticias-cobertura-2026-08-28/.source-cache/es-988.html,,28604613-898a-4fcd-b8b6-6c878f2855b2,el-cenagas-emite-bases-preliminares-de-licitacion-para-almacenamiento-estrategico-de-gas-natural-988,true,1.0000,true,false,
es:979,es,979,La profesora Andrea K. Bjorkland entrevistó a Claus von Wobeser,https://www.vonwobeser.com/index.php/publicacion?p_id=979,"Agosto, 2018",2018-08,month,already_reconciled,verified_official_legacy_id_already_present,output/audits/noticias-cobertura-2026-08-28/.source-cache/es-979.html,,54fdb857-c22f-4426-85a1-005eacae99f8,la-profesora-andrea-k-bjorkland-entrevisto-a-claus-von-wobeser-979,true,1.0000,true,true,
es:977,es,977,Reglas secundarias a la Ley para Regular las Instituciones de Tecnología Financiera en materia de lavado de dinero y de carácter general,https://www.vonwobeser.com/index.php/publicacion?p_id=977,"Agosto, 2018",2018-08,month,already_reconciled,verified_official_legacy_id_already_present,output/audits/noticias-cobertura-2026-08-28/.source-cache/es-977.html,,9d59a5c7-a13f-46e7-afcb-2f00fa63985b,secondary-rules-to-the-law-regulating-financial-technology-institutions-in-relation-to-money-lau-977,true,1.0000,true,false,
es:970,es,970,Lex Latin- Luis Burgueño y Marisol Márquez- Monex adquiere mayoría de Arrendadora Avance en México,https://www.vonwobeser.com/index.php/publicacion?p_id=970,"Julio, 2018",2018-07,month,already_reconciled,verified_official_legacy_id_already_present,output/audits/noticias-cobertura-2026-08-28/.source-cache/es-970.html,,8e8e9cbb-98f2-45e1-b6e2-40eae900d92f,lex-latin-luis-burgueno-marisol-marquez-monex-acquires-majority-stake-in-arrendadora-avance-in-m-970,true,1.0000,true,false,
es:969,es,969,Latin Lawyer- Fernando Carreño- Comisionados de la COFECE consideran lineamientos redundantes,https://www.vonwobeser.com/index.php/publicacion?p_id=969,"Julio, 2018",2018-07,month,already_reconciled,verified_official_legacy_id_already_present,output/audits/noticias-cobertura-2026-08-28/.source-cache/es-969.html,,b80dbe2d-8f5d-4d7c-926f-bc94ac2bb05d,latin-lawyer-fernando-carreno-mexican-antitrust-commissioners-felt-guidelines-were-redundant-969,true,1.0000,true,false,
es:967,es,967,LACCA- Claus von Wobeser- Abogados llaman a AMLO a elaborar una estrategia para combatir la corrupción,https://www.vonwobeser.com/index.php/publicacion?p_id=967,"Julio, 2018",2018-07,month,already_reconciled,verified_official_legacy_id_already_present,output/audits/noticias-cobertura-2026-08-28/.source-cache/es-967.html,,7df8b076-733f-4be0-b9e2-7c0f041ceac6,lacca-claus-von-wobeser-lawyers-call-on-amlo-to-outline-anti-corruption-strategy-967,true,1.0000,true,false,
es:965,es,965,Las primeras disposiciones de carácter general de la Ley Fintech serán publicadas en septiembre,https://www.vonwobeser.com/index.php/publicacion?p_id=965,"Julio, 2018",2018-07,month,already_reconciled,verified_official_legacy_id_already_present,output/audits/noticias-cobertura-2026-08-28/.source-cache/es-965.html,,e14c64fc-d01b-4aee-9a9d-fd5f7b1455aa,the-first-general-provisions-of-the-fintech-law-will-be-published-in-september-965,true,1.0000,true,false,
es:961,es,961,Latin Lawyer- Luis Burgueño- El triunfo electoral de López Obrador no agobia a los abogados mexicanos,https://www.vonwobeser.com/index.php/publicacion?p_id=961,"Julio, 2018",2018-07,month,already_reconciled,verified_official_legacy_id_already_present,output/audits/noticias-cobertura-2026-08-28/.source-cache/es-961.html,,ff371e2d-d478-49ab-8177-68c0ac799834,latin-lawyer-luis-burgueno-lopez-obrador-s-landslide-victory-leaves-mexican-lawyers-unfazed-961,true,1.0000,true,false,
es:959,es,959,Forbes- Diego Sierra- Especial de Abogados: Cómo atacar la corrupción,https://www.vonwobeser.com/index.php/publicacion?p_id=959,"Julio, 2018",2018-07,month,already_reconciled,verified_official_legacy_id_already_present,output/audits/noticias-cobertura-2026-08-28/.source-cache/es-959.html,,6fc4e2be-11a2-44bb-b263-90e8156990fd,forbes-diego-sierra-lawyers-special-how-to-combat-corruption-959,true,1.0000,true,false,
es:957,es,957,Modificaciones a la Ley Aduanera y creación de la figura de la “Agencia Aduanal”,https://www.vonwobeser.com/index.php/publicacion?p_id=957,"Junio, 2018",2018-06,month,already_reconciled,verified_official_legacy_id_already_present,output/audits/noticias-cobertura-2026-08-28/.source-cache/es-957.html,,53488d18-80bb-44d5-a1eb-6c14bda55d41,amendments-to-the-customs-law-and-creation-of-the-customs-agency-957,true,1.0000,true,false,
es:951,es,951,Reforma exige publicación de los socios y accionistas de las sociedades de responsabilidad limitada y sociedades anónimas en México,https://www.vonwobeser.com/index.php/publicacion?p_id=951,"Junio, 2018",2018-06,month,already_reconciled,verified_official_legacy_id_already_present,output/audits/noticias-cobertura-2026-08-28/.source-cache/es-951.html,,f75367bf-53a3-4b05-a96f-73b111a4e122,amendment-requires-publication-of-partners-and-shareholders-of-limited-liability-companies-and-s-951,true,1.0000,true,false,
es:439,es,439,Von Wobeser y Sierra reconocido por GCR 100 como uno de los mejores despachos del mundo en competencia,https://www.vonwobeser.com/index.php/publicacion?p_id=439,"Enero, 2017",2017-01,month,already_reconciled,verified_official_legacy_id_already_present,output/audits/noticias-cobertura-2026-08-28/.source-cache/es-439.html,,ed761a99-7bbf-418a-ac32-0689cc41ffb1,von-wobeser-y-sierra-recognized-by-gcr-100-as-one-of-the-best-100-firms-in-competition-in-the-wo-439,true,1.0000,true,true,
es:274,es,274,Nuevo salario mínimo a partir del 1 de enero de 2016,https://www.vonwobeser.com/index.php/publicacion?p_id=274,"Diciembre, 2015",2015-12,month,already_reconciled,verified_official_legacy_id_already_present,output/audits/noticias-cobertura-2026-08-28/.source-cache/es-274.html,,db73e6b7-78df-4f1c-b75c-4ea0d8c02edb,new-minimum-wage-as-of-january-1st-2016-274,true,1.0000,true,false,
es:121,es,121,Global Investigations Review (GIR): México aprueba “loca” ley de transparencia – Adrián Magallanes,https://www.vonwobeser.com/index.php/publicacion?p_id=121,"Junio, 2016",2016-06,month,already_reconciled,verified_official_legacy_id_already_present,output/audits/noticias-cobertura-2026-08-28/.source-cache/es-121.html,,c2f696a5-f3d5-4171-99d0-a952a58cf2ef,global-investigations-review-gir-mexico-passes-crazy-transparency-law-adrian-magallanes-121,true,1.0000,true,false,
es:119,es,119,Latin Lawyer: México aprueba “loca” ley de transparencia – Adrián Magallanes,https://www.vonwobeser.com/index.php/publicacion?p_id=119,"Junio, 2016",2016-06,month,already_reconciled,verified_official_legacy_id_already_present,output/audits/noticias-cobertura-2026-08-28/.source-cache/es-119.html,,2c19974c-b3fc-4548-9c91-6622c12bea34,latin-lawyer-mexico-passes-crazy-transparency-law-adrian-magallanes-119,true,1.0000,true,false,
es:117,es,117,Global Competition Review (GCR): Panama Papers leak sparks Mexican investigation – Fernando Carreño,https://www.vonwobeser.com/index.php/publicacion?p_id=117,"Junio, 2016",2016-06,month,already_reconciled,verified_official_legacy_id_already_present,output/audits/noticias-cobertura-2026-08-28/.source-cache/es-117.html,,42927508-c7bf-468a-b2d1-9ffc155f6a5d,global-competition-review-gcr-panama-papers-leak-sparks-mexican-investigation-fernando-carreno-117,true,1.0000,true,false,
es:115,es,115,Latin Lawyer: Panama Papers leak sparks Mexican investigation – Fernando Carreño,https://www.vonwobeser.com/index.php/publicacion?p_id=115,"Junio, 2016",2016-06,month,already_reconciled,verified_official_legacy_id_already_present,output/audits/noticias-cobertura-2026-08-28/.source-cache/es-115.html,,95842eeb-cf1f-4f6c-b1ab-f56255571ee0,latin-lawyer-panama-papers-leak-sparks-mexican-investigation-fernando-carreno-115,true,1.0000,true,false,
es:113,es,113,Congreso Mexicano Emite Regulación Secundaria Anticorrupción,https://www.vonwobeser.com/index.php/publicacion?p_id=113,"Junio, 2016",2016-06,month,already_reconciled,verified_official_legacy_id_already_present,output/audits/noticias-cobertura-2026-08-28/.source-cache/es-113.html,,4e370bbb-1451-4d5f-a51e-179de67b4cd5,mexican-congress-issues-secondary-anticorruption-regulations-113,true,1.0000,true,true,
es:111,es,111,El nuevo paradigma de anticorrupción en México,https://www.vonwobeser.com/index.php/publicacion?p_id=111,"Julio, 2016",2016-07,month,already_reconciled,verified_official_legacy_id_already_present,output/audits/noticias-cobertura-2026-08-28/.source-cache/es-111.html,,d92235b2-d3c7-4a2e-810f-ac593457c13f,mexico-s-new-anti-corruption-paradigm-111,true,1.0000,true,true,
es:109,es,109,Comunicado sobre Protección de Datos Personales en México,https://www.vonwobeser.com/index.php/publicacion?p_id=109,"Julio, 2016",2016-07,month,already_reconciled,verified_official_legacy_id_already_present,output/audits/noticias-cobertura-2026-08-28/.source-cache/es-109.html,,46922103-a63f-481f-966b-63fa0841b308,communication-regarding-mexican-data-privacy-protection-109,true,1.0000,true,true,
es:107,es,107,La Comisión Nacional de Hidrocarburos emite la convocatoria y las bases de la primera licitación de la Ronda 2,https://www.vonwobeser.com/index.php/publicacion?p_id=107,"Agosto, 2016",2016-08,month,already_reconciled,verified_official_legacy_id_already_present,output/audits/noticias-cobertura-2026-08-28/.source-cache/es-107.html,,9c05be7a-e2d4-424a-8585-1ad3b5751884,the-national-hydrocarbons-commission-issued-the-call-and-the-rules-for-the-first-bidding-of-roun-107,true,1.0000,false,true,
es:105,es,105,"Von Wobeser y Sierra, S.C. participa en La Encuesta de Corrupción Latinoamericana 2016",https://www.vonwobeser.com/index.php/publicacion?p_id=105,"Agosto, 2016",2016-08,month,already_reconciled,verified_official_legacy_id_already_present,output/audits/noticias-cobertura-2026-08-28/.source-cache/es-105.html,,b23f7074-9956-403d-95b6-f6bc36a2c4ae,von-wobeser-y-sierra-participates-in-latinamerica-corruption-survey-2016-105,true,1.0000,false,true,
es:103,es,103,"Adrián Magallanes – Global Pound Conference: El futuro de la resolución de controversias y la mejora del acceso a la justicia- 25 de Agosto, 2016",https://www.vonwobeser.com/index.php/publicacion?p_id=103,"Agosto, 2016",2016-08,month,already_reconciled,verified_official_legacy_id_already_present,output/audits/noticias-cobertura-2026-08-28/.source-cache/es-103.html,,755c03ab-2fcc-42e0-9d7e-376617373daa,adrian-magallanes-global-pound-conference-shaping-the-future-of-dispute-resolution-and-improving-103,true,1.0000,true,false,
es:101,es,101,"Andrés Nieto – Global Pound Conference: El futuro de la resolución de controversias y la mejora del acceso a la justicia- 25 de Agosto, 2016",https://www.vonwobeser.com/index.php/publicacion?p_id=101,"Agosto, 2016",2016-08,month,already_reconciled,verified_official_legacy_id_already_present,output/audits/noticias-cobertura-2026-08-28/.source-cache/es-101.html,,5f245314-5f46-4936-afb4-6dec0292c015,andres-nieto-global-pound-conference-shaping-the-future-of-dispute-resolution-and-improving-acce-101,true,1.0000,true,false,
es:99,es,99,Thomson Reuters Foundation – Andrés Nieto - Pro Bono en México,https://www.vonwobeser.com/index.php/publicacion?p_id=99,"Agosto, 2016",2016-08,month,already_reconciled,verified_official_legacy_id_already_present,output/audits/noticias-cobertura-2026-08-28/.source-cache/es-99.html,,b5484233-5021-487e-ab69-741e305ec185,thomson-reuters-foundation-andres-nieto-pro-bono-in-mexico-99,true,1.0000,true,false,
es:97,es,97,"Von Wobeser y Sierra, S.C. es reconocido por Trust Law Index of Pro Bono 2016",https://www.vonwobeser.com/index.php/publicacion?p_id=97,"Agosto, 2016",2016-08,month,already_reconciled,verified_official_legacy_id_already_present,output/audits/noticias-cobertura-2026-08-28/.source-cache/es-97.html,,4badb46e-66d4-4734-9667-201ecd4b8f29,von-wobeser-y-sierra-recognized-in-trust-lawindex-of-pro-bono-2016-97,true,1.0000,false,true,
es:91,es,91,GCR-Global Competition Review - Las guerras territoriales: la amenaza de separaciones entre las autoridades de competencia de México,https://www.vonwobeser.com/index.php/publicacion?p_id=91,"Agosto, 2016",2016-08,month,already_reconciled,verified_official_legacy_id_already_present,output/audits/noticias-cobertura-2026-08-28/.source-cache/es-91.html,,23fe5d19-7efd-4d89-bc80-d8139f429d63,gcr-global-competition-review-turf-wars-the-threat-of-stand-offs-between-mexico-s-competition-en-91,true,1.0000,true,false,
es:89,es,89,"Von Wobeser y Sierra, S.C. tiene el honor de invitarte a la conferencia ""Global Pound Conference de la Ciudad de México""",https://www.vonwobeser.com/index.php/publicacion?p_id=89,"Agosto, 2016",2016-08,month,already_reconciled,verified_official_legacy_id_already_present,output/audits/noticias-cobertura-2026-08-28/.source-cache/es-89.html,,2b1f9161-fdc9-42ed-8e6f-132853cb198d,von-wobeser-y-sierra-s-c-invites-you-to-the-mexico-city-global-pound-conference-89,true,1.0000,false,true,
es:87,es,87,Global Competition Review-GCR – Fernando Carreño: ejecutor mexicano impulsa la desregulación de la industria de carga,https://www.vonwobeser.com/index.php/publicacion?p_id=87,"Agosto, 2016",2016-08,month,already_reconciled,verified_official_legacy_id_already_present,output/audits/noticias-cobertura-2026-08-28/.source-cache/es-87.html,,54bd99b6-7e7c-437d-8eb6-bc3db0ea176e,global-competition-review-gcr-fernando-carreno-mexican-enforcer-urges-freight-industry-deregulat-87,true,1.0000,true,false,
es:85,es,85,"Von Wobeser y Sierra, S.C. es reconocida como firma “Elite” por la publicación Global Competition Review",https://www.vonwobeser.com/index.php/publicacion?p_id=85,"Agosto, 2016",2016-08,month,already_reconciled,verified_official_legacy_id_already_present,output/audits/noticias-cobertura-2026-08-28/.source-cache/es-85.html,,1196fbc1-3571-455a-8fad-e17dd16204df,von-wobeser-y-sierra-s-c-is-recognized-as-elite-firm-in-global-competition-review-85,true,1.0000,true,true,
es:83,es,83,Fernando Carreño - GCR – Global Competition Review: Mexico’s competition bar,https://www.vonwobeser.com/index.php/publicacion?p_id=83,"Agosto, 2016",2016-08,month,already_reconciled,verified_official_legacy_id_already_present,output/audits/noticias-cobertura-2026-08-28/.source-cache/es-83.html,,7e7fda58-32af-4036-86f6-9eccad41d87e,fernando-carreno-gcr-global-competition-review-mexico-s-competition-bar-83,true,1.0000,true,false,
es:81,es,81,"Latin Lawyer –Luis Burgueño, Edmond Grieger, Rodolfo Trampe, Alberto Córdoba y Marisol Márquez : Bain Capital exits car parts maker in Mexico.",https://www.vonwobeser.com/index.php/publicacion?p_id=81,"Agosto, 2016",2016-08,month,already_reconciled,verified_official_legacy_id_already_present,output/audits/noticias-cobertura-2026-08-28/.source-cache/es-81.html,,9bf8f37c-5e28-424f-9096-6f4c130359c0,latin-lawyer-luis-burgueno-edmond-grieger-rodolfo-trampe-alberto-cordoba-y-marisol-marquez-bain-81,true,1.0000,true,false,
es:79,es,79,"Lex Latin – Luis Burgueño, Edmond Grieger, Rodolfo Trampe, Alberto Córdoba, Marisol Márquez: Von Wobeser y Sierra tras adquisición de FTE en México",https://www.vonwobeser.com/index.php/publicacion?p_id=79,"Agosto, 2016",2016-08,month,already_reconciled,verified_official_legacy_id_already_present,output/audits/noticias-cobertura-2026-08-28/.source-cache/es-79.html,,dcd6170b-4d1c-4dcd-a17b-b9175b8a500e,lex-latin-luis-burgueno-edmond-grieger-rodolfo-trampe-alberto-cordoba-marisol-marquez-von-wobese-79,true,1.0000,true,false,
es:77,es,77,"Latin Lawyer: Luis Burgueño, Rupert Hüttler, Alberto Cordoba: Von Wobeser & Allen Overy diregen la la emisión de la notas de Automotive Samvardhana Motherson",https://www.vonwobeser.com/index.php/publicacion?p_id=77,"Septiembre, 2016",2016-09,month,already_reconciled,verified_official_legacy_id_already_present,output/audits/noticias-cobertura-2026-08-28/.source-cache/es-77.html,,1251c96d-7edc-4384-9eef-47da4b60b321,latin-lawyer-luis-burgueno-rupert-huttler-alberto-cordoba-von-wobeser-allen-overy-steer-auto-iss-77,true,1.0000,true,false,
es:75,es,75,Latin Lawyer: Fernando Carreño - Antitrust probe targets Cancún airport,https://www.vonwobeser.com/index.php/publicacion?p_id=75,"Septiembre, 2016",2016-09,month,already_reconciled,verified_official_legacy_id_already_present,output/audits/noticias-cobertura-2026-08-28/.source-cache/es-75.html,,1aa9e99a-f2c6-4a47-b900-61008f04d224,latin-lawyer-fernando-carreno-antitrust-probe-targets-cancun-airport-75,true,1.0000,true,false,
es:73,es,73,Global Investigations Review (GIR 100) – Diego Sierra: Revelación de las prácticas líderes de investigación.,https://www.vonwobeser.com/index.php/publicacion?p_id=73,"Septiembre, 2016",2016-09,month,already_reconciled,verified_official_legacy_id_already_present,output/audits/noticias-cobertura-2026-08-28/.source-cache/es-73.html,,ac4649fd-c99d-41e7-aab8-d01c133e4608,global-investigations-review-gir-100-diego-sierra-the-world-s-leading-investigations-practices-r-73,true,1.0000,true,false,
es:71,es,71,"El CENACE da a conocer a los ganadores de la Segunda Subasta de Largo Plazo de Energía, CELs y Potencia",https://www.vonwobeser.com/index.php/publicacion?p_id=71,"Octubre, 2016",2016-10,month,already_reconciled,verified_official_legacy_id_already_present,output/audits/noticias-cobertura-2026-08-28/.source-cache/es-71.html,,0444bf18-4509-47de-beb5-5a19f422d23c,cenace-announces-the-winners-of-the-second-long-term-auction-for-energy-cels-and-capacity-71,true,1.0000,true,true,
es:69,es,69,Arbitral Women en América Latina: Ciudad de México,https://www.vonwobeser.com/index.php/publicacion?p_id=69,"Octubre, 2016",2016-10,month,already_reconciled,verified_official_legacy_id_already_present,output/audits/noticias-cobertura-2026-08-28/.source-cache/es-69.html,,4b2e5251-a285-4428-902a-7e16522cec5c,arbitral-women-in-latin-america-mexico-city-69,true,1.0000,true,true,
es:67,es,67,"Luis Burgueño, Gloria Martínez, Alberto Córdoba, Jorge Díaz y Marisol Márquez - LexLatin: San Benedetto vende participación en JV con Grupo Peñafiel",https://www.vonwobeser.com/index.php/publicacion?p_id=67,"Octubre, 2016",2016-10,month,already_reconciled,verified_official_legacy_id_already_present,output/audits/noticias-cobertura-2026-08-28/.source-cache/es-67.html,,d466035b-63ad-4897-ad7f-17155a994bd1,luis-burgueno-gloria-martinez-alberto-cordoba-jorge-diaz-y-marisol-marquez-lexlatin-san-benedett-67,true,1.0000,true,true,
es:65,es,65,Los Abogados de Von Wobeser y Sierra Firman el Compromiso Anticorrupción,https://www.vonwobeser.com/index.php/publicacion?p_id=65,"Octubre, 2016",2016-10,month,already_reconciled,verified_official_legacy_id_already_present,output/audits/noticias-cobertura-2026-08-28/.source-cache/es-65.html,,835dda88-9955-4b27-98e0-a149b1e1b3ca,von-wobeser-y-sierra-s-attorneys-sign-the-iba-anticorruption-compact-65,true,1.0000,true,true,
es:63,es,63,Iniciativa de Integridad Judicial de la IBA: compromiso de anticorrupción judicial,https://www.vonwobeser.com/index.php/publicacion?p_id=63,"Noviembre, 2016",2016-11,month,already_reconciled,verified_official_legacy_id_already_present,output/audits/noticias-cobertura-2026-08-28/.source-cache/es-63.html,,28d6cb50-c480-47ec-96fb-d99b72acf6ac,iba-judicial-integrity-initiative-judicial-anti-corruption-compact-63,true,1.0000,true,true,
es:61,es,61,Potencial denuncia del Tratado de Libre Comercio de América del Norte,https://www.vonwobeser.com/index.php/publicacion?p_id=61,"Noviembre, 2016",2016-11,month,already_reconciled,verified_official_legacy_id_already_present,output/audits/noticias-cobertura-2026-08-28/.source-cache/es-61.html,,864a9942-a8a8-41d6-8a44-cf93642f3fde,potential-withdrawal-from-the-north-american-free-trade-agreement-61,true,1.0000,true,true,
es:57,es,57,Peña Nieto propone que Titular de la Fiscalía General de la República sea designado por Cámara de Senadores,https://www.vonwobeser.com/index.php/publicacion?p_id=57,"Diciembre, 2016",2016-12,month,already_reconciled,verified_official_legacy_id_already_present,output/audits/noticias-cobertura-2026-08-28/.source-cache/es-57.html,,94ba6972-92c4-42bd-b89b-5ef5aa318ce9,pena-nieto-proposes-that-head-of-the-attorney-general-s-office-be-appointed-by-senate-57,true,1.0000,true,true,
es:53,es,53,Who's Who Legal reconoce a futuros líderes 2017. Las personas reconocidas son Socios y Asociados de 45 años o menos considerados como los futuros líderes del arbitraje internacional.,https://www.vonwobeser.com/index.php/publicacion?p_id=53,"Diciembre, 2016",2016-12,month,already_reconciled,verified_official_legacy_id_already_present,output/audits/noticias-cobertura-2026-08-28/.source-cache/es-53.html,,79bfb09d-743e-45f4-9242-ec3f84d7638f,who-s-who-legal-recognizes-future-leaders-2017-these-are-partners-and-non-partners-aged-45-or-un-53,true,1.0000,true,true,
es:51,es,51,"Latin Lawyer-Leading Lights-Von Wobeser y Sierra, S.C. Líder Pro Bono",https://www.vonwobeser.com/index.php/publicacion?p_id=51,"Diciembre, 2016",2016-12,month,already_reconciled,verified_official_legacy_id_already_present,output/audits/noticias-cobertura-2026-08-28/.source-cache/es-51.html,,0fceadda-689c-4dbc-b9df-d9316b0163e0,latin-lawyer-leading-lights-von-wobeser-y-sierra-s-c-latin-american-pro-bono-leader-51,true,1.0000,true,true,
es:49,es,49,"Leader League – Business and Leadership: Instituto de Arbitraje Transnacional (ITA)- Montserrat Manzano, Presidenta de la Iniciativa de Jóvenes Árbitros (YAI).",https://www.vonwobeser.com/index.php/publicacion?p_id=49,"Diciembre, 2016",2016-12,month,already_reconciled,verified_official_legacy_id_already_present,output/audits/noticias-cobertura-2026-08-28/.source-cache/es-49.html,,1c6cac73-d2f2-4b92-b2e7-6866ecafb2b6,leader-league-business-and-leadership-institute-for-transnational-arbitration-ita-montserrat-man-49,true,1.0000,true,false,
es:47,es,47,Comisión Reguladora de Energía establece requisitos y otorga extensión de plazos relativos a la celebración de contratos de interconexión legados,https://www.vonwobeser.com/index.php/publicacion?p_id=47,"Diciembre, 2016",2016-12,month,already_reconciled,verified_official_legacy_id_already_present,output/audits/noticias-cobertura-2026-08-28/.source-cache/es-47.html,,665027a0-8a95-4c61-9ad4-90fc57ee0360,energy-regulatory-commission-sets-forth-requirements-and-grants-a-time-extension-to-execute-inte-47,true,1.0000,false,true,
es:45,es,45,"ICC- International Chamber of Commerce: Comité de Mediación de la ICC México, Alexandra von Wobeser",https://www.vonwobeser.com/index.php/publicacion?p_id=45,"Diciembre, 2016",2016-12,month,already_reconciled,verified_official_legacy_id_already_present,output/audits/noticias-cobertura-2026-08-28/.source-cache/es-45.html,,368e1277-5f48-40b6-ad9e-912bf7a47b91,icc-international-chamber-of-commerce-icc-mexico-mediation-committee-alexandra-von-wobeser-45,true,1.0000,true,false,
es:43,es,43,Who's Who Legal reconoce socios y abogados en Von Wobeser y Sierra,https://www.vonwobeser.com/index.php/publicacion?p_id=43,"Diciembre, 2016",2016-12,month,already_reconciled,verified_official_legacy_id_already_present,output/audits/noticias-cobertura-2026-08-28/.source-cache/es-43.html,,88249310-92c5-40dd-b3a7-e1056fb82223,who-s-who-legal-recognizes-partners-associates-of-von-wobeser-y-sierra-in-who-s-who-legal-mexico-43,true,1.0000,true,true,
es:41,es,41,Who's Who Legal reconoce socios y abogados en Von Wobeser y Sierra en Who's Who Legal Mexico,https://www.vonwobeser.com/index.php/publicacion?p_id=41,"Diciembre, 2016",2016-12,month,already_reconciled,verified_official_legacy_id_already_present,output/audits/noticias-cobertura-2026-08-28/.source-cache/es-41.html,,1f7c2c40-97ba-47f0-83ed-4c4206a81301,who-s-who-legal-recognizes-partners-lawyers-at-von-wobeser-y-sierra-41,true,1.0000,true,true,
es:39,es,39,Latin Lawyer – Fernando Carreño – Pasivos fiscales posteriores al cierre entre los mayores retos de las fusiones y adquisiciones.,https://www.vonwobeser.com/index.php/publicacion?p_id=39,"Diciembre, 2016",2016-12,month,already_reconciled,verified_official_legacy_id_already_present,output/audits/noticias-cobertura-2026-08-28/.source-cache/es-39.html,,e3dffbcd-9753-491c-8d31-34435345fbd4,latin-lawyer-fernando-carreno-post-closing-tax-liabilities-among-the-gratest-challenges-for-m-a-39,true,1.0000,true,false,
es:37,es,37,"Latin Lawyer – Andrés Nieto, Rodolfo Trampe, Edmond Grieger y Alberto Córdoba – Prince International acquires chemical company.",https://www.vonwobeser.com/index.php/publicacion?p_id=37,"Enero, 2017",2017-01,month,already_reconciled,verified_official_legacy_id_already_present,output/audits/noticias-cobertura-2026-08-28/.source-cache/es-37.html,,b1ed318d-3153-43ba-ab9b-10326bd56443,latin-lawyer-andres-nieto-rodolfo-trampe-edmond-grieger-y-alberto-cordoba-prince-international-a-37,true,1.0000,true,false,
es:33,es,33,Principales Modificaciones a Disposiciones Fiscales para 2017,https://www.vonwobeser.com/index.php/publicacion?p_id=33,"Enero, 2017",2017-01,month,already_reconciled,verified_official_legacy_id_already_present,output/audits/noticias-cobertura-2026-08-28/.source-cache/es-33.html,,2a59ecdf-f10b-4d95-bc08-f18d96fbeedc,principal-changes-to-tax-provisions-for-2017-33,true,1.0000,true,true,
es:31,es,31,Comunicado: Protección de datos personales en México,https://www.vonwobeser.com/index.php/publicacion?p_id=31,"Febrero, 2017",2017-02,month,already_reconciled,verified_official_legacy_id_already_present,output/audits/noticias-cobertura-2026-08-28/.source-cache/es-31.html,,aa8ea778-0742-4734-bed8-3407803198f0,client-communication-personal-data-protection-in-mexico-31,true,1.0000,true,true,
es:29,es,29,Montserrat Manzano - YAI Talks Miami: Conquistando Nuevos Esquemas en la Industria Bancaria y Financiera.,https://www.vonwobeser.com/index.php/publicacion?p_id=29,"Febrero, 2017",2017-02,month,already_reconciled,verified_official_legacy_id_already_present,output/audits/noticias-cobertura-2026-08-28/.source-cache/es-29.html,,dc6e14dc-2b58-4aae-a0bc-45cad850d4c1,montserrat-manzano-yai-talks-miami-conquering-new-grounds-the-finance-and-banking-industry-29,true,1.0000,true,true,
es:27,es,27,Reforma constitucional laboral,https://www.vonwobeser.com/index.php/publicacion?p_id=27,"Febrero, 2017",2017-02,month,already_reconciled,verified_official_legacy_id_already_present,output/audits/noticias-cobertura-2026-08-28/.source-cache/es-27.html,,847916db-b844-42e7-95a9-e24bde57d0f6,constitutional-labor-reform-27,true,1.0000,false,true,
es:25,es,25,Global Competition Review (GCR) – México inicia primera acción criminal contra cartelistas – Fernando Carreño,https://www.vonwobeser.com/index.php/publicacion?p_id=25,"Febrero, 2017",2017-02,month,already_reconciled,verified_official_legacy_id_already_present,output/audits/noticias-cobertura-2026-08-28/.source-cache/es-25.html,,38d9c70d-4ff0-4015-9781-18fdc6491b28,global-competition-review-gcr-mexico-pursues-first-criminal-action-against-cartelists-fernando-c-25,true,1.0000,true,false,
es:23,es,23,Latin Lawyer – México inicia primera acción criminal contra cartelistas – Fernando Carreño,https://www.vonwobeser.com/index.php/publicacion?p_id=23,"Febrero, 2017",2017-02,month,already_reconciled,verified_official_legacy_id_already_present,output/audits/noticias-cobertura-2026-08-28/.source-cache/es-23.html,,ccefd4fa-4e97-4254-bee0-1bd87a891003,latin-lawyer-mexico-pursues-first-criminal-action-against-cartelists-fernando-carreno-23,true,1.0000,true,false,
