fecha,nota,origen,idioma,tipo,clasificacion,http,enlace_comprobado,ficha_de_la_nota,como_buscar
2022-03,Latin Lawyer: The Guide to Mergers and Acquisitions: Indemnity Escrows and Other Payment Guarantees,oficial,en,PDF,contenido-invalido,206,https://www.vonwobeser.com/images/PDF_news/2022/Guide_mergers.jpg,https://www.vonwobeser.com/index.php/publication?p_id=1707,p_id EN 1707
2021-10,Integración de estrategias ESG efectivas para proyectos de energía renovable en México,oficial,en,PDF,contenido-invalido,206,https://www.iflr.com/article/b1tx78n4hkqb9z/integrating-effective-esg-strategies-for-renewable-energy-projects-in-mexico,https://www.vonwobeser.com/index.php/publication?p_id=1636,p_id ES 1637 | p_id EN 1636
2021-04,Arbitral Women: Munia El Harti Alonso Joins Von Wobeser y Sierra as Associate.,oficial,en,Enlace dentro del texto,roto,404,https://www.arbitralwomen.org/munia-el-harti-alonso-joins-von-wobeser-y-sierra-as-associate/,https://www.vonwobeser.com/index.php/publication?p_id=1597,p_id EN 1597
2020-07,Extensión en la suspensión de las actividades y plazos del Tribunal Federal de Justicia Administrativa,oficial,en,PDF,contenido-invalido,200,https://www.tfja.gob.mx/pdf/secretaria_general_de_acuerdos/acuerdos_sala_superior/2020/SS-19-2020.pdf/,https://www.vonwobeser.com/index.php/publication?p_id=1359,p_id ES 1360 | p_id EN 1359
2020-05,Uso del Arbitraje Comercial en Tiempos del COVID-19,oficial,en,PDF,roto,404,https://iccwbo.org/content/uploads/sites/3/2020/04/guidance-note-possible-measures-mitigating-effects-covid-19-english.pdf,https://www.vonwobeser.com/index.php/publication?p_id=1267,p_id ES 1268 | p_id EN 1267
2020-05,Audiencias Virtuales en Arbitraje: Un vistazo hacia las Reglas Institucionales,oficial,en,PDF,roto,404,https://www.hkiac.org/sites/default/files/ck_filebrowser/HKIAC%20Guidelines%20for%20Virtual%20Hearings_0.pdf,https://www.vonwobeser.com/index.php/publication?p_id=1281,p_id ES 1282 | p_id EN 1281
2020-05,Audiencias Virtuales en Arbitraje: Un vistazo hacia las Reglas Institucionales,oficial,en,Enlace dentro del texto,roto,404,https://www.hkiac.org/content/virtual-hearings,https://www.vonwobeser.com/index.php/publication?p_id=1281,p_id ES 1282 | p_id EN 1281
2020-05,Audiencias Virtuales en Arbitraje: Un vistazo hacia las Reglas Institucionales,oficial,es,Enlace dentro del texto,roto,404,https://www.hkiac.org/content/hkiac-hearing-facilities-enquiry,https://www.vonwobeser.com/index.php/publicacion?p_id=1282,p_id ES 1282 | p_id EN 1281
2020-05,Audiencias Virtuales en Arbitraje: Un vistazo hacia las Reglas Institucionales,oficial,es,PDF,roto,404,https://iccwbo.org/content/uploads/sites/3/2020/05/guidance-note-possible-measures-mitigating-effects-covid-19-spanish.pdf,https://www.vonwobeser.com/index.php/publicacion?p_id=1282,p_id ES 1282 | p_id EN 1281
2020-05,Audiencias Virtuales en Arbitraje: Un vistazo hacia las Reglas Institucionales,oficial,en,PDF,roto,404,https://go.adr.org/rs/294-SFS-516/images/AAA270_AAA-ICDR%20Model%20Order%20and%20Procedures%20for%20a%20Virtual%20Hearing%20via%20Videoconference.pdf,https://www.vonwobeser.com/index.php/publication?p_id=1281,p_id ES 1282 | p_id EN 1281
2020-05,Audiencias Virtuales en Arbitraje: Un vistazo hacia las Reglas Institucionales,oficial,en,PDF,roto,404,https://go.adr.org/rs/294-SFS-516/images/AAA269_AAA%20Virtual%20Hearing%20Guide%20for%20Arbitrators%20and%20Parties%20Utilizing%20Zoom.pdf,https://www.vonwobeser.com/index.php/publication?p_id=1281,p_id ES 1282 | p_id EN 1281
2020-05,Audiencias Virtuales en Arbitraje: Un vistazo hacia las Reglas Institucionales,oficial,es,PDF,roto,404,https://go.adr.org/rs/294-SFS-516/images/AAA268_AAA%20Virtual%20Hearing%20Guide%20for%20Arbitrators%20and%20Parties.pdf,https://www.vonwobeser.com/index.php/publicacion?p_id=1282,p_id ES 1282 | p_id EN 1281
2020-05,Audiencias Virtuales en Arbitraje: Un vistazo hacia las Reglas Institucionales,oficial,es,Enlace dentro del texto,roto,404,https://go.adr.org/covid19-flattening-the-curve.html?utm_source=website&utm_medium=banner&utm_campaign=website_covid19-file-online,https://www.vonwobeser.com/index.php/publicacion?p_id=1282,p_id ES 1282 | p_id EN 1281
2020-05,Audiencias Virtuales en Arbitraje: Un vistazo hacia las Reglas Institucionales,oficial,en,Enlace dentro del texto,roto,404,https://delosdr.org/index.php/2020/03/12/checklist-on-holding-hearings-in-times-of-covid-19/,https://www.vonwobeser.com/index.php/publication?p_id=1281,p_id ES 1282 | p_id EN 1281
2020-02,Senado de los Estados Unidos de América ratifica TMEC,oficial,en,PDF,roto,404,https://www.vonwobeser.com/images/PDF_news/2020/16_01_20_TMEC_ing_feb.pdf,https://www.vonwobeser.com/index.php/publication?p_id=1141,p_id ES 1140 | p_id EN 1141
2020-02,Senado de los Estados Unidos de América ratifica TMEC,proyecto,multi,PDF,roto,404,https://webpage-von-wobeser-2026.replit.app/images/PDF_news/2020/16_01_20_TMEC_ing_feb.pdf,https://webpage-von-wobeser-2026.replit.app/news/senate-of-the-united-states-of-america-approves-tmec,slug senate-of-the-united-states-of-america-approves-tmec
2019-12,Modificaciones al T-MEC,oficial,en,PDF,roto,404,https://www.vonwobeser.com/images/PDF_news/2019/20191210-Amendments_to_the_USMCA.pdf,https://www.vonwobeser.com/index.php/publication?p_id=1124,p_id ES 1125 | p_id EN 1124
2019-12,Modificaciones a disposiciones fiscales para 2020,oficial,en,Enlace dentro del texto,roto,404,https://lt.mydplr.com/c7f66fdbe87b9dc3ca079fb5bb5e2cf7-7f4f1cfcef7b060094661450b5dccb37,https://www.vonwobeser.com/index.php/publication?p_id=1122,p_id ES 1123 | p_id EN 1122
2019-10,La Secretaría de Energía modifica los lineamientos y criterios para el otorgamiento de certificados de energías limpias,oficial,es,PDF,roto,404,http://vonwobeserysierra.com/images/PDF_news/2019/Modifican_lineamientos_energias_limpias.pdf%22%20%5Ct%20%22_blank%22%20%5Co%20%22Modifican%20lineamientos%20energi%C3%ACas%20limpias,https://www.vonwobeser.com/index.php/publicacion?p_id=1117,p_id ES 1117 | p_id EN 1116
2019-02,Latin Lawyer- Von Wobeser & Sierra reconocido como Leading Light 2018 en relación a pro bono,oficial,en,Enlace dentro del texto,roto,404,https://latinlawyer.com/article/1179680/leading-lights,https://www.vonwobeser.com/index.php/publication?p_id=1052,p_id ES 1053 | p_id EN 1052
2018-06,México anuncia la imposición de aranceles de represalia a diversos productos originarios de Estados Unidos de América,oficial,es,PDF,roto,404,https://www.vonwobeser.com/images/PDF_news/2018/20180531_Retaliatorytariffs_ESP.pdf,https://www.vonwobeser.com/index.php/publicacion?p_id=930,p_id ES 930 | p_id EN 929
2018-06,México anuncia la imposición de aranceles de represalia a diversos productos originarios de Estados Unidos de América,proyecto,multi,PDF,roto,404,https://webpage-von-wobeser-2026.replit.app/images/PDF_news/2018/20180531_Retaliatorytariffs_ESP.pdf,https://webpage-von-wobeser-2026.replit.app/news/mexico-anuncia-la-imposicion-de-aranceles-de-represalia-a-diversos-productos-ori,slug mexico-anuncia-la-imposicion-de-aranceles-de-represalia-a-diversos-productos-ori
2017-03,Von Wobeser y Sierra gana el asunto del año en GCR Awards 2017,oficial,en,Enlace dentro del texto,roto,404,http://globalcompetitionreview.com/article/1138742/ab-inbev-sabmiller-wins-matter-of-the-year-at-gcr-awards-2017,https://www.vonwobeser.com/index.php/publication?p_id=408,p_id ES 409 | p_id EN 408
2016-08,"Von Wobeser y Sierra, S.C. es reconocida como firma “Elite” por la publicación Global Competition Review",oficial,en,Enlace dentro del texto,roto,404,"http://globalcompetitionreview.com/news/article/41695/mexicos-competition-bar?utm_source=Law%20Business%20Research&utm_medium=email&utm_campaign=7459525_GCR%20Briefing&dm_i=1KSF,4FVT1,9GPHAS,GD414,1",https://www.vonwobeser.com/index.php/publication?p_id=84,p_id ES 85 | p_id EN 84
2016-03,Sociedades por Acciones Simplificadas: La nueva promesa para las empresas en México,oficial,es,Enlace dentro del texto,roto,404,https://dl.dropboxusercontent.com/content_link/uHlrGP9F85MopM0aqt0aETX60RYEIsX5AcxLfEvUwZ6kcy1X8owYwc7i79dNL9hG/file,https://www.vonwobeser.com/index.php/publicacion?p_id=172,p_id ES 172 | p_id EN 171
2016-03,Sociedades por Acciones Simplificadas: La nueva promesa para las empresas en México,oficial,en,Enlace dentro del texto,roto,404,https://dl.dropboxusercontent.com/content_link/TtoJNJIXuDWjWIUqBERmm6stlfsi0ZcrduKfmaAYvJhFmrwOcHkhg92UgXxbOrEQ/file,https://www.vonwobeser.com/index.php/publication?p_id=171,p_id ES 172 | p_id EN 171
2015-06,"Von Wobeser y Sierra, S.C. es reconocido por Thompson Reuters en su reporte “2015 TrustLaw Index of Pro Bono 2015”",oficial,en,Enlace dentro del texto,roto,404,http://www.trust.org/spotlight/pbi15/?tab=data,https://www.vonwobeser.com/index.php/publication?p_id=764,p_id ES 765 | p_id EN 764
2015-06,"Andrés Nieto, Socio, conferencista en 4ta Conferencia Finanzas Corporativas Latin Lawyer en NY",oficial,en,Enlace dentro del texto,roto,404,http://www.regonline.co.uk/Register/Checkin.aspx?EventID=1680417&lbrd=1&rtypeid=458910,https://www.vonwobeser.com/index.php/publication?p_id=774,p_id ES 775 | p_id EN 774
2015-02,Latin Lawyer- Von Wobeser en Estados Unidos de América se encarga de componentes electrónicos,oficial,en,PDF,roto,404,https://www.vonwobeser.com/images/PDF_news/2015/vonwobeser_pageinUSelectrNewsLatinLawyer.pdf,https://www.vonwobeser.com/index.php/publication?p_id=788,p_id ES 789 | p_id EN 788
2015-02,Latin Lawyer- Von Wobeser en Estados Unidos de América se encarga de componentes electrónicos,proyecto,multi,PDF,roto,404,https://webpage-von-wobeser-2026.replit.app/images/PDF_news/2015/vonwobeser_pageinUSelectrNewsLatinLawyer.pdf,https://webpage-von-wobeser-2026.replit.app/news/latin-lawyer-von-wobeser-en-estados-unidos-de-america-se-encarga-de-componentes-,slug latin-lawyer-von-wobeser-en-estados-unidos-de-america-se-encarga-de-componentes-
2014-12,Nuevos salarios mínimos a partir del 1 de enero de 2015,oficial,en,Enlace dentro del texto,roto,404,http://www.conasami.gob.mx/boletin_nvos_sal_2015.html,https://www.vonwobeser.com/index.php/publication?p_id=371,p_id ES 378 | p_id EN 371
2014-10,"Latin Lawyer-Von Wobeser ayuda a extender contrato portuario, resuelve disputa",oficial,en,PDF,roto,404,https://www.vonwobeser.com/images/PDF_news/2015/vonwobeser_pagehelpsextendportcontractsettlesdispute-News-LatinLawyer.pdf,https://www.vonwobeser.com/index.php/publication?p_id=357,p_id ES 358 | p_id EN 357
2014-10,"Latin Lawyer-Von Wobeser ayuda a extender contrato portuario, resuelve disputa",proyecto,multi,PDF,roto,404,https://webpage-von-wobeser-2026.replit.app/images/PDF_news/2015/vonwobeser_pagehelpsextendportcontractsettlesdispute-News-LatinLawyer.pdf,https://webpage-von-wobeser-2026.replit.app/news/latin-lawyer-von-wobeser-ayuda-a-extender-contrato-portuario-resuelve-disputa,slug latin-lawyer-von-wobeser-ayuda-a-extender-contrato-portuario-resuelve-disputa
2014-08,Los Métodos de Resolución de Controversias en la Reforma Energética,oficial,en,PDF,roto,404,https://www.vonwobeser.com/assets/files/PDF/news/nota-2014-agosto4-ing.pdf,https://www.vonwobeser.com/index.php/publication?p_id=472,p_id ES 471 | p_id EN 472
2014-08,Latin Lawyer-Von Wobeser hace Pro Bono en ayuda a preservar agua de Pro Natura.,oficial,en,PDF,roto,404,https://www.vonwobeser.com/images/PDF_news/2015/vonwobeser_pagedoesprobonotohelpProNaturapreservewater-News-LatinLawyer.pdf,https://www.vonwobeser.com/index.php/publication?p_id=474,p_id ES 473 | p_id EN 474
2014-08,Latin Lawyer-Von Wobeser hace Pro Bono en ayuda a preservar agua de Pro Natura.,proyecto,multi,PDF,roto,404,https://webpage-von-wobeser-2026.replit.app/images/PDF_news/2015/vonwobeser_pagedoesprobonotohelpProNaturapreservewater-News-LatinLawyer.pdf,https://webpage-von-wobeser-2026.replit.app/news/latin-lawyer-von-wobeser-hace-pro-bono-en-ayuda-a-preservar-agua-de-pro-natura,slug latin-lawyer-von-wobeser-hace-pro-bono-en-ayuda-a-preservar-agua-de-pro-natura
2014-07,Latin Lawyer-Von Wobeser dirige acuerdo de compra de energía eólica mexicana,oficial,en,PDF,roto,404,https://www.vonwobeser.com/images/PDF_news/2015/vonwobeser_pagesteersMexicA-News-LatinLawyer.pdf,https://www.vonwobeser.com/index.php/publication?p_id=486,p_id ES 485 | p_id EN 486
2014-07,Latin Lawyer-Von Wobeser dirige acuerdo de compra de energía eólica mexicana,proyecto,multi,PDF,roto,404,https://webpage-von-wobeser-2026.replit.app/images/PDF_news/2015/vonwobeser_pagesteersMexicA-News-LatinLawyer.pdf,https://webpage-von-wobeser-2026.replit.app/news/latin-lawyer-von-wobeser-steers-mexican-wind-ppa,slug latin-lawyer-von-wobeser-steers-mexican-wind-ppa
2014-06,"Von Wobeser y Sierra, S.C. gana reconocimiento, Global Awards 2014: Despacho Legal en México relacionado al Arbitraje 2014",oficial,en,PDF,roto,404,https://www.vonwobeserysierra.com/images/PDF_news/2014/Global_Awards_2014_50.pdf,https://www.vonwobeser.com/index.php/publication?p_id=516,p_id ES 515 | p_id EN 516
2013-08,Latin Lawyer - Von Wobeser ayuda a Modelo a despedirse del equipo de futbol,oficial,en,PDF,roto,404,https://www.vonwobeser.com/images/PDF_news/vonwobeser_pagehelpsModelobidfarewelltofootballteam-News-LatinLawyer.pdf,https://www.vonwobeser.com/index.php/publication?p_id=594,p_id ES 593 | p_id EN 594
2013-08,Latin Lawyer - Von Wobeser ayuda a Modelo a despedirse del equipo de futbol,proyecto,multi,PDF,roto,404,https://webpage-von-wobeser-2026.replit.app/images/PDF_news/vonwobeser_pagehelpsModelobidfarewelltofootballteam-News-LatinLawyer.pdf,https://webpage-von-wobeser-2026.replit.app/news/latin-lawyer-von-wobeser-helps-modelo-bid-farewell-to-football-team,slug latin-lawyer-von-wobeser-helps-modelo-bid-farewell-to-football-team
2013-01,Global Arbitration Review - Von Wobeser promueve nuevo Socio,oficial,en,Enlace dentro del texto,roto,404,http://www.globalarbitrationreview.com/news/article/31123/von-wobeser-adds-partnership/,https://www.vonwobeser.com/index.php/publication?p_id=655,p_id ES 654 | p_id EN 655
2012-05,Latin Lawyer - Von Wobeser ayuda a minera New Gold,oficial,en,PDF,roto,404,https://www.vonwobeser.com/images/PDF_news/Mexicovonwobeser_pagehelfeatures-LatinLawyer.pdf,https://www.vonwobeser.com/index.php/publication?p_id=694,p_id ES 693 | p_id EN 694
2012-05,Latin Lawyer - Von Wobeser ayuda a minera New Gold,proyecto,multi,PDF,roto,404,https://webpage-von-wobeser-2026.replit.app/images/PDF_news/Mexicovonwobeser_pagehelfeatures-LatinLawyer.pdf,https://webpage-von-wobeser-2026.replit.app/news/latin-lawyer-mexico-s-von-wobeser-helps-miner-new-gold,slug latin-lawyer-mexico-s-von-wobeser-helps-miner-new-gold
2011-12,Latin Lawyer - Consejero de ICC se integra a Von Wobeser y Sierra S.C.,oficial,en,Enlace dentro del texto,roto,404,http://www.latinlawyer.com/features/article/42830/icc-deputy-counsel-heads-mexico/,https://www.vonwobeser.com/index.php/publication?p_id=706,p_id ES 705 | p_id EN 706
2009-10,"Von Wobeser y Sierra es Seleccionado Top 100 Despachos de Arbitraje del Mundo, Octubre 2009.",oficial,es,Enlace dentro del texto,roto,404,http://www.globalarbitrationreview.com/surveys/survey/156/gar-100-2nd-edition/,https://www.vonwobeser.com/index.php/publicacion?p_id=719,p_id ES 719 | p_id EN 720
