owner,source,kind,language,url,status,classification,finalUrl,redirected,mime,bytesRead,signature,elapsedMs,error,recheckedAt
official-026066d6a50e85af,oficial,enlace-contenido,en,https://www.arbitralwomen.org/munia-el-harti-alonso-joins-von-wobeser-y-sierra-as-associate/,404,roto,https://arbitralwomen.org/munia-el-harti-alonso-joins-von-wobeser-y-sierra-as-associate/,True,text/html; charset=utf-8,165,"
<!docty",922,,2026-08-14T23:34:57.327Z
official-61835284e78f19ef,oficial,pdf,es,https://iccwbo.org/content/uploads/sites/3/2020/05/guidance-note-possible-measures-mitigating-effects-covid-19-spanish.pdf,404,roto,https://iccwbo.org/content/uploads/sites/3/2020/05/guidance-note-possible-measures-mitigating-effects-covid-19-spanish.pdf,False,text/html; charset=UTF-8,1363,<!DOCTYP,1132,,2026-08-14T23:34:57.327Z
official-61835284e78f19ef,oficial,pdf,es,https://go.adr.org/rs/294-SFS-516/images/AAA268_AAA%20Virtual%20Hearing%20Guide%20for%20Arbitrators%20and%20Parties.pdf,404,roto,https://go.adr.org/rs/294-SFS-516/images/AAA268_AAA%20Virtual%20Hearing%20Guide%20for%20Arbitrators%20and%20Parties.pdf,False,text/html; charset=UTF-8,310,<html><h,337,,2026-08-14T23:34:57.327Z
official-61835284e78f19ef,oficial,pdf,en,https://go.adr.org/rs/294-SFS-516/images/AAA269_AAA%20Virtual%20Hearing%20Guide%20for%20Arbitrators%20and%20Parties%20Utilizing%20Zoom.pdf,404,roto,https://go.adr.org/rs/294-SFS-516/images/AAA269_AAA%20Virtual%20Hearing%20Guide%20for%20Arbitrators%20and%20Parties%20Utilizing%20Zoom.pdf,False,text/html; charset=UTF-8,312,<html><h,284,,2026-08-14T23:34:57.327Z
official-61835284e78f19ef,oficial,pdf,en,https://go.adr.org/rs/294-SFS-516/images/AAA270_AAA-ICDR%20Model%20Order%20and%20Procedures%20for%20a%20Virtual%20Hearing%20via%20Videoconference.pdf,404,roto,https://go.adr.org/rs/294-SFS-516/images/AAA270_AAA-ICDR%20Model%20Order%20and%20Procedures%20for%20a%20Virtual%20Hearing%20via%20Videoconference.pdf,False,text/html; charset=UTF-8,310,<html><h,331,,2026-08-14T23:34:57.327Z
official-61835284e78f19ef,oficial,pdf,en,https://www.hkiac.org/sites/default/files/ck_filebrowser/HKIAC%20Guidelines%20for%20Virtual%20Hearings_0.pdf,404,roto,https://hkiac.org/sites/default/files/ck_filebrowser/HKIAC%20Guidelines%20for%20Virtual%20Hearings_0.pdf,True,text/html; charset=UTF-8,1480,<!DOCTYP,3016,,2026-08-14T23:34:57.327Z
official-61835284e78f19ef,oficial,enlace-contenido,es,https://go.adr.org/covid19-flattening-the-curve.html?utm_source=website&utm_medium=banner&utm_campaign=website_covid19-file-online,404,roto,https://go.adr.org/covid19-flattening-the-curve.html?utm_source=website&utm_medium=banner&utm_campaign=website_covid19-file-online,False,text/html; charset=UTF-8,310,<html><h,292,,2026-08-14T23:34:57.327Z
official-61835284e78f19ef,oficial,enlace-contenido,en,https://delosdr.org/index.php/2020/03/12/checklist-on-holding-hearings-in-times-of-covid-19/,404,roto,https://delosdr.org/2020/03/12/checklist-on-holding-hearings-in-times-of-covid-19/,True,text/html; charset=UTF-8,13978,"
<!DOCTY",2272,,2026-08-14T23:34:57.327Z
official-61835284e78f19ef,oficial,enlace-contenido,en,https://www.hkiac.org/content/virtual-hearings,404,roto,https://hkiac.org/content/virtual-hearings,True,text/html; charset=UTF-8,1480,<!DOCTYP,3053,,2026-08-14T23:34:57.327Z
official-61835284e78f19ef,oficial,enlace-contenido,es,https://www.hkiac.org/content/hkiac-hearing-facilities-enquiry,404,roto,https://hkiac.org/content/hkiac-hearing-facilities-enquiry,True,text/html; charset=UTF-8,1480,<!DOCTYP,2993,,2026-08-14T23:34:57.327Z
official-44ba515e3665e08a,oficial,pdf,en,https://iccwbo.org/content/uploads/sites/3/2020/04/guidance-note-possible-measures-mitigating-effects-covid-19-english.pdf,404,roto,https://iccwbo.org/content/uploads/sites/3/2020/04/guidance-note-possible-measures-mitigating-effects-covid-19-english.pdf,False,text/html; charset=UTF-8,1363,<!DOCTYP,926,,2026-08-14T23:34:57.327Z
official-2e044a97cfeb8a68,oficial,pdf,en,https://www.vonwobeser.com/images/PDF_news/2020/16_01_20_TMEC_ing_feb.pdf,404,roto,https://www.vonwobeser.com/images/PDF_news/2020/16_01_20_TMEC_ing_feb.pdf,False,text/html,1245,<!DOCTYP,307,,2026-08-14T23:34:57.327Z
official-2e044a97cfeb8a68,proyecto,pdf,multi,https://webpage-von-wobeser-2026.replit.app/images/PDF_news/2020/16_01_20_TMEC_ing_feb.pdf,404,roto,https://webpage-von-wobeser-2026.replit.app/images/PDF_news/2020/16_01_20_TMEC_ing_feb.pdf,False,text/plain; charset=utf-8,9,Not Foun,1105,,2026-08-14T23:34:57.327Z
official-453db9a6f356cfcd,oficial,pdf,en,https://www.vonwobeser.com/images/PDF_news/2019/20191210-Amendments_to_the_USMCA.pdf,404,roto,https://www.vonwobeser.com/images/PDF_news/2019/20191210-Amendments_to_the_USMCA.pdf,False,text/html,1245,<!DOCTYP,76,,2026-08-14T23:34:57.327Z
official-871cf5044f4b6f31,oficial,enlace-contenido,en,https://lt.mydplr.com/c7f66fdbe87b9dc3ca079fb5bb5e2cf7-7f4f1cfcef7b060094661450b5dccb37,404,roto,https://vonwobeserysierra.com/images/PDF_news/2019/Economic_package_2020.pdf,True,text/plain; charset=utf-8,10,Not Foun,496,,2026-08-14T23:34:57.327Z
official-bd0b2bc5b9963177,oficial,pdf,es,http://vonwobeserysierra.com/images/PDF_news/2019/Modifican_lineamientos_energias_limpias.pdf%22%20%5Ct%20%22_blank%22%20%5Co%20%22Modifican%20lineamientos%20energi%C3%ACas%20limpias,404,roto,http://vonwobeserysierra.com/images/PDF_news/2019/Modifican_lineamientos_energias_limpias.pdf%22%20%5Ct%20%22_blank%22%20%5Co%20%22Modifican%20lineamientos%20energi%C3%ACas%20limpias,False,,0,,135,,2026-08-14T23:34:57.327Z
official-3bc50c3996a748f8,oficial,enlace-contenido,en,https://latinlawyer.com/article/1179680/leading-lights,404,roto,https://latinlawyer.com/article/1179680/leading-lights,False,text/html; charset=utf-8,266,<!DOCTYP,829,,2026-08-14T23:34:57.327Z
official-c85cdfe8ce66501c,oficial,pdf,es,https://www.vonwobeser.com/images/PDF_news/2018/20180531_Retaliatorytariffs_ESP.pdf,404,roto,https://www.vonwobeser.com/images/PDF_news/2018/20180531_Retaliatorytariffs_ESP.pdf,False,text/html,1245,<!DOCTYP,75,,2026-08-14T23:34:57.327Z
official-c85cdfe8ce66501c,proyecto,pdf,multi,https://webpage-von-wobeser-2026.replit.app/images/PDF_news/2018/20180531_Retaliatorytariffs_ESP.pdf,404,roto,https://webpage-von-wobeser-2026.replit.app/images/PDF_news/2018/20180531_Retaliatorytariffs_ESP.pdf,False,text/plain; charset=utf-8,9,Not Foun,398,,2026-08-14T23:34:57.327Z
official-25b222e5af96019f,oficial,enlace-contenido,en,http://globalcompetitionreview.com/article/1138742/ab-inbev-sabmiller-wins-matter-of-the-year-at-gcr-awards-2017,404,roto,https://globalcompetitionreview.com/article/1138742/ab-inbev-sabmiller-wins-matter-of-the-year-at-gcr-awards-2017,True,text/html; charset=utf-8,252,<!DOCTYP,3125,,2026-08-14T23:34:57.327Z
official-0a93260f90891554,oficial,enlace-contenido,en,"http://globalcompetitionreview.com/news/article/41695/mexicos-competition-bar?utm_source=Law%20Business%20Research&utm_medium=email&utm_campaign=7459525_GCR%20Briefing&dm_i=1KSF,4FVT1,9GPHAS,GD414,1",404,roto,"https://globalcompetitionreview.com/news/article/41695/mexicos-competition-bar?utm_source=Law%20Business%20Research&utm_medium=email&utm_campaign=7459525_GCR%20Briefing&dm_i=1KSF,4FVT1,9GPHAS,GD414,1",True,text/html; charset=utf-8,253,<!DOCTYP,807,,2026-08-14T23:34:57.327Z
official-1b94dff367fd0e1f,oficial,enlace-contenido,es,https://dl.dropboxusercontent.com/content_link/uHlrGP9F85MopM0aqt0aETX60RYEIsX5AcxLfEvUwZ6kcy1X8owYwc7i79dNL9hG/file,404,roto,https://dl.dropboxusercontent.com/content_link/uHlrGP9F85MopM0aqt0aETX60RYEIsX5AcxLfEvUwZ6kcy1X8owYwc7i79dNL9hG/file,False,text/html,1233,<!DOCTYP,231,,2026-08-14T23:34:57.327Z
official-1b94dff367fd0e1f,oficial,enlace-contenido,en,https://dl.dropboxusercontent.com/content_link/TtoJNJIXuDWjWIUqBERmm6stlfsi0ZcrduKfmaAYvJhFmrwOcHkhg92UgXxbOrEQ/file,404,roto,https://dl.dropboxusercontent.com/content_link/TtoJNJIXuDWjWIUqBERmm6stlfsi0ZcrduKfmaAYvJhFmrwOcHkhg92UgXxbOrEQ/file,False,text/html,1233,<!DOCTYP,170,,2026-08-14T23:34:57.327Z
official-e28bcebf687218ff,oficial,enlace-contenido,en,http://www.trust.org/spotlight/pbi15/?tab=data,404,roto,http://www.trust.org/spotlight/pbi15/?tab=data,False,text/html; charset=UTF-8,24242,<!doctyp,909,,2026-08-14T23:34:57.327Z
official-14f8138a01cc2492,oficial,pdf,en,https://www.vonwobeser.com/images/PDF_news/2015/vonwobeser_pageinUSelectrNewsLatinLawyer.pdf,404,roto,https://www.vonwobeser.com/images/PDF_news/2015/vonwobeser_pageinUSelectrNewsLatinLawyer.pdf,False,text/html,1245,<!DOCTYP,75,,2026-08-14T23:34:57.327Z
official-98a4c89877e748e2,oficial,enlace-contenido,en,http://www.regonline.co.uk/Register/Checkin.aspx?EventID=1680417&lbrd=1&rtypeid=458910,404,roto,https://www.regonline.co.uk/Register/Checkin.aspx?EventID=1680417&lbrd=1&rtypeid=458910,True,text/html; charset=utf-8,385,<html><h,769,,2026-08-14T23:34:57.327Z
official-14f8138a01cc2492,proyecto,pdf,multi,https://webpage-von-wobeser-2026.replit.app/images/PDF_news/2015/vonwobeser_pageinUSelectrNewsLatinLawyer.pdf,404,roto,https://webpage-von-wobeser-2026.replit.app/images/PDF_news/2015/vonwobeser_pageinUSelectrNewsLatinLawyer.pdf,False,text/plain; charset=utf-8,9,Not Foun,968,,2026-08-14T23:34:57.327Z
official-cb582ee958968b3d,oficial,pdf,en,https://www.vonwobeser.com/images/PDF_news/2015/vonwobeser_pagehelpsextendportcontractsettlesdispute-News-LatinLawyer.pdf,404,roto,https://www.vonwobeser.com/images/PDF_news/2015/vonwobeser_pagehelpsextendportcontractsettlesdispute-News-LatinLawyer.pdf,False,text/html,1245,<!DOCTYP,228,,2026-08-14T23:34:57.327Z
official-d4e60b7f143a2223,oficial,enlace-contenido,en,http://www.conasami.gob.mx/boletin_nvos_sal_2015.html,404,roto,http://www.conasami.gob.mx/boletin_nvos_sal_2015.html,False,text/html,1251,<!DOCTYP,62,,2026-08-14T23:34:57.327Z
official-cb582ee958968b3d,proyecto,pdf,multi,https://webpage-von-wobeser-2026.replit.app/images/PDF_news/2015/vonwobeser_pagehelpsextendportcontractsettlesdispute-News-LatinLawyer.pdf,404,roto,https://webpage-von-wobeser-2026.replit.app/images/PDF_news/2015/vonwobeser_pagehelpsextendportcontractsettlesdispute-News-LatinLawyer.pdf,False,text/plain; charset=utf-8,9,Not Foun,295,,2026-08-14T23:34:57.327Z
official-2abfa4018450a801,oficial,pdf,en,https://www.vonwobeser.com/assets/files/PDF/news/nota-2014-agosto4-ing.pdf,404,roto,https://www.vonwobeser.com/assets/files/PDF/news/nota-2014-agosto4-ing.pdf,False,text/html,1245,<!DOCTYP,75,,2026-08-14T23:34:57.327Z
official-06dc0b205b894a09,oficial,pdf,en,https://www.vonwobeser.com/images/PDF_news/2015/vonwobeser_pagedoesprobonotohelpProNaturapreservewater-News-LatinLawyer.pdf,404,roto,https://www.vonwobeser.com/images/PDF_news/2015/vonwobeser_pagedoesprobonotohelpProNaturapreservewater-News-LatinLawyer.pdf,False,text/html,1245,<!DOCTYP,229,,2026-08-14T23:34:57.327Z
official-06dc0b205b894a09,proyecto,pdf,multi,https://webpage-von-wobeser-2026.replit.app/images/PDF_news/2015/vonwobeser_pagedoesprobonotohelpProNaturapreservewater-News-LatinLawyer.pdf,404,roto,https://webpage-von-wobeser-2026.replit.app/images/PDF_news/2015/vonwobeser_pagedoesprobonotohelpProNaturapreservewater-News-LatinLawyer.pdf,False,text/plain; charset=utf-8,9,Not Foun,401,,2026-08-14T23:34:57.327Z
official-85020f7b39dd3486,oficial,pdf,en,https://www.vonwobeser.com/images/PDF_news/2015/vonwobeser_pagesteersMexicA-News-LatinLawyer.pdf,404,roto,https://www.vonwobeser.com/images/PDF_news/2015/vonwobeser_pagesteersMexicA-News-LatinLawyer.pdf,False,text/html,1245,<!DOCTYP,74,,2026-08-14T23:34:57.327Z
official-85020f7b39dd3486,proyecto,pdf,multi,https://webpage-von-wobeser-2026.replit.app/images/PDF_news/2015/vonwobeser_pagesteersMexicA-News-LatinLawyer.pdf,404,roto,https://webpage-von-wobeser-2026.replit.app/images/PDF_news/2015/vonwobeser_pagesteersMexicA-News-LatinLawyer.pdf,False,text/plain; charset=utf-8,9,Not Foun,384,,2026-08-14T23:34:57.327Z
official-f47d97048acb1d0e,oficial,pdf,en,https://www.vonwobeserysierra.com/images/PDF_news/2014/Global_Awards_2014_50.pdf,404,roto,https://www.vonwobeserysierra.com/images/PDF_news/2014/Global_Awards_2014_50.pdf,False,text/plain; charset=utf-8,10,Not Foun,198,,2026-08-14T23:34:57.327Z
official-5fa28789319f266b,oficial,pdf,en,https://www.vonwobeser.com/images/PDF_news/vonwobeser_pagehelpsModelobidfarewelltofootballteam-News-LatinLawyer.pdf,404,roto,https://www.vonwobeser.com/images/PDF_news/vonwobeser_pagehelpsModelobidfarewelltofootballteam-News-LatinLawyer.pdf,False,text/html,1245,<!DOCTYP,75,,2026-08-14T23:34:57.327Z
official-5fa28789319f266b,proyecto,pdf,multi,https://webpage-von-wobeser-2026.replit.app/images/PDF_news/vonwobeser_pagehelpsModelobidfarewelltofootballteam-News-LatinLawyer.pdf,404,roto,https://webpage-von-wobeser-2026.replit.app/images/PDF_news/vonwobeser_pagehelpsModelobidfarewelltofootballteam-News-LatinLawyer.pdf,False,text/plain; charset=utf-8,9,Not Foun,244,,2026-08-14T23:34:57.327Z
official-c357460652888087,oficial,enlace-contenido,en,http://www.globalarbitrationreview.com/news/article/31123/von-wobeser-adds-partnership/,404,roto,https://globalarbitrationreview.com/news/article/31123/von-wobeser-adds-partnership/,True,text/html; charset=utf-8,252,<!DOCTYP,2464,,2026-08-14T23:34:57.327Z
official-f6208d2cd3108d9d,oficial,pdf,en,https://www.vonwobeser.com/images/PDF_news/Mexicovonwobeser_pagehelfeatures-LatinLawyer.pdf,404,roto,https://www.vonwobeser.com/images/PDF_news/Mexicovonwobeser_pagehelfeatures-LatinLawyer.pdf,False,text/html,1245,<!DOCTYP,74,,2026-08-14T23:34:57.327Z
official-f6208d2cd3108d9d,proyecto,pdf,multi,https://webpage-von-wobeser-2026.replit.app/images/PDF_news/Mexicovonwobeser_pagehelfeatures-LatinLawyer.pdf,404,roto,https://webpage-von-wobeser-2026.replit.app/images/PDF_news/Mexicovonwobeser_pagehelfeatures-LatinLawyer.pdf,False,text/plain; charset=utf-8,9,Not Foun,285,,2026-08-14T23:34:57.327Z
official-b454d9e9a986589d,oficial,enlace-contenido,en,http://www.latinlawyer.com/features/article/42830/icc-deputy-counsel-heads-mexico/,404,roto,https://latinlawyer.com/features/article/42830/icc-deputy-counsel-heads-mexico/,True,text/html; charset=utf-8,264,<!DOCTYP,722,,2026-08-14T23:34:57.327Z
official-5bf9cc7abfe37636,oficial,enlace-contenido,es,http://www.globalarbitrationreview.com/surveys/survey/156/gar-100-2nd-edition/,404,roto,https://globalarbitrationreview.com/surveys/survey/156/gar-100-2nd-edition/,True,text/html; charset=utf-8,252,<!DOCTYP,929,,2026-08-14T23:34:57.327Z
